userid;foodid;rating
99;9;2
99;9;2
99;89;2
99;88;5
99;88;3
99;88;2
99;87;3
99;87;3
99;82;4
99;82;2
99;80;2
99;79;4
99;78;3
99;76;5
99;76;4
99;76;1
99;75;4
99;74;3
99;74;3
99;73;2
99;72;4
99;71;4
99;70;5
99;70;5
99;70;2
99;7;4
99;69;2
99;68;4
99;68;1
99;68;1
99;67;4
99;65;4
99;65;3
99;65;2
99;64;4
99;62;5
99;61;4
99;60;2
99;6;3
99;6;2
99;58;1
99;56;4
99;54;2
99;54;2
99;53;2
99;53;1
99;5;4
99;5;4
99;5;3
99;48;5
99;47;2
99;46;4
99;45;4
99;45;4
99;45;3
99;44;3
99;43;3
99;43;2
99;41;3
99;41;3
99;41;1
99;40;3
99;4;5
99;4;2
99;39;4
99;39;4
99;37;2
99;34;3
99;34;2
99;32;5
99;31;4
99;3;5
99;27;5
99;27;4
99;26;2
99;26;1
99;25;3
99;24;2
99;22;4
99;20;4
99;20;2
99;2;1
99;16;4
99;16;3
99;16;2
99;15;5
99;12;3
99;10;2
99;1;4
98;9;2
98;89;2
98;87;3
98;87;3
98;86;3
98;85;1
98;82;3
98;82;2
98;81;2
98;79;5
98;78;3
98;78;3
98;78;1
98;77;4
98;76;3
98;76;1
98;75;2
98;74;5
98;74;3
98;74;3
98;73;2
98;73;1
98;72;3
98;71;2
98;7;5
98;7;4
98;65;4
98;65;3
98;63;3
98;60;2
98;59;4
98;59;1
98;57;4
98;56;4
98;56;3
98;54;2
98;54;1
98;53;3
98;53;2
98;52;3
98;51;2
98;50;1
98;50;1
98;5;3
98;47;1
98;44;4
98;43;4
98;42;4
98;41;2
98;41;1
98;40;3
98;39;4
98;37;4
98;36;3
98;36;2
98;35;2
98;34;5
98;33;1
98;32;3
98;31;4
98;30;4
98;30;4
98;30;3
98;30;2
98;30;1
98;3;3
98;29;3
98;29;2
98;27;4
98;27;2
98;25;4
98;22;5
98;21;4
98;21;3
98;20;4
98;20;3
98;19;1
98;15;4
98;15;3
98;15;3
98;14;4
98;14;2
98;14;1
98;13;2
98;11;5
98;10;1
97;89;2
97;89;2
97;87;4
97;86;5
97;83;1
97;81;4
97;81;1
97;80;5
97;80;4
97;80;4
97;80;4
97;8;4
97;8;1
97;78;2
97;77;2
97;76;3
97;75;2
97;74;1
97;73;1
97;72;5
97;72;1
97;71;4
97;70;4
97;7;3
97;69;5
97;65;1
97;64;3
97;61;4
97;60;4
97;6;4
97;6;4
97;57;4
97;57;2
97;55;3
97;55;2
97;53;5
97;52;4
97;52;4
97;52;2
97;52;2
97;52;1
97;51;4
97;5;3
97;5;2
97;49;4
97;48;5
97;47;5
97;46;4
97;44;3
97;39;5
97;38;3
97;37;3
97;36;4
97;34;4
97;33;5
97;32;2
97;32;2
97;29;2
97;28;1
97;26;1
97;25;4
97;24;5
97;24;4
97;24;2
97;22;4
97;20;1
97;19;3
97;19;3
97;18;4
97;18;3
97;18;3
97;18;2
97;17;1
97;16;2
97;11;3
97;11;3
97;11;2
97;11;1
97;1;3
96;90;3
96;89;5
96;89;3
96;87;3
96;85;3
96;84;4
96;83;3
96;82;5
96;82;4
96;82;1
96;81;4
96;80;3
96;76;4
96;76;3
96;76;2
96;74;5
96;74;4
96;72;3
96;71;3
96;7;3
96;69;4
96;66;1
96;65;2
96;65;1
96;64;5
96;64;3
96;64;2
96;62;4
96;6;5
96;6;1
96;59;5
96;59;2
96;58;1
96;57;4
96;55;5
96;55;5
96;55;3
96;51;4
96;51;3
96;50;5
96;50;4
96;49;3
96;47;3
96;45;4
96;45;4
96;45;3
96;43;2
96;42;5
96;42;4
96;40;1
96;4;3
96;38;4
96;38;2
96;37;3
96;37;3
96;37;3
96;36;4
96;36;3
96;35;5
96;34;2
96;33;5
96;33;5
96;32;4
96;32;3
96;32;2
96;3;3
96;29;1
96;27;4
96;26;3
96;25;3
96;24;4
96;22;1
96;2;3
96;17;5
96;16;5
96;14;2
96;13;4
96;13;2
96;13;2
95;9;3
95;85;3
95;85;1
95;83;5
95;82;3
95;80;4
95;77;3
95;77;1
95;75;3
95;74;4
95;73;1
95;72;3
95;71;4
95;70;3
95;69;5
95;66;4
95;65;1
95;64;5
95;64;4
95;64;1
95;61;4
95;60;4
95;60;3
95;6;3
95;58;3
95;57;2
95;52;1
95;51;3
95;50;3
95;5;3
95;49;3
95;49;1
95;48;3
95;48;3
95;44;2
95;40;4
95;40;4
95;39;3
95;38;5
95;35;5
95;35;4
95;35;3
95;33;3
95;31;5
95;29;3
95;28;3
95;27;3
95;27;3
95;23;5
95;23;3
95;22;3
95;22;3
95;21;5
95;21;4
95;20;5
95;20;1
95;2;4
95;19;3
95;19;2
95;16;3
95;15;3
95;15;2
95;11;5
95;10;5
94;88;4
94;88;2
94;87;4
94;87;3
94;86;5
94;86;3
94;85;3
94;83;4
94;81;3
94;80;1
94;8;1
94;79;3
94;78;4
94;77;2
94;77;1
94;76;3
94;74;3
94;72;4
94;70;5
94;70;3
94;7;2
94;68;4
94;68;4
94;68;2
94;67;4
94;66;2
94;61;5
94;61;3
94;61;3
94;60;2
94;56;2
94;56;2
94;54;2
94;52;2
94;51;5
94;50;3
94;50;1
94;5;3
94;47;4
94;47;3
94;47;3
94;47;1
94;44;1
94;43;2
94;41;5
94;41;3
94;40;5
94;40;1
94;4;4
94;4;2
94;4;2
94;39;3
94;38;3
94;37;2
94;37;2
94;36;3
94;35;2
94;34;3
94;32;5
94;31;2
94;30;5
94;30;4
94;30;1
94;29;3
94;27;1
94;26;3
94;26;1
94;24;5
94;24;4
94;23;2
94;23;2
94;22;4
94;22;3
94;22;2
94;21;3
94;20;4
94;20;1
94;19;2
94;18;4
94;17;5
94;17;4
94;16;5
94;16;1
94;15;2
94;14;2
94;12;3
94;12;2
94;10;4
93;90;5
93;89;4
93;86;4
93;82;5
93;82;1
93;80;3
93;80;1
93;8;4
93;78;3
93;78;2
93;75;4
93;74;5
93;74;1
93;73;5
93;72;3
93;7;3
93;69;3
93;66;1
93;64;3
93;63;5
93;63;2
93;62;5
93;62;4
93;61;2
93;59;4
93;59;3
93;58;4
93;58;4
93;58;3
93;57;4
93;56;3
93;56;1
93;52;3
93;51;4
93;50;2
93;50;1
93;50;1
93;5;4
93;5;2
93;5;2
93;47;4
93;47;1
93;47;1
93;44;5
93;43;5
93;43;3
93;42;4
93;40;2
93;4;4
93;4;1
93;38;1
93;31;2
93;30;3
93;28;3
93;23;2
93;22;3
93;21;2
93;20;2
93;20;2
93;2;5
93;2;4
93;18;5
93;18;3
93;15;2
93;14;2
93;14;1
93;13;3
93;11;3
93;11;2
92;90;2
92;9;4
92;89;3
92;88;5
92;87;3
92;86;4
92;86;4
92;85;5
92;83;4
92;81;4
92;81;3
92;81;3
92;81;2
92;80;5
92;80;2
92;76;2
92;75;4
92;75;2
92;74;2
92;72;2
92;71;5
92;70;3
92;69;5
92;68;5
92;68;4
92;68;1
92;67;2
92;66;3
92;65;3
92;64;4
92;64;4
92;63;5
92;62;3
92;61;2
92;60;2
92;56;2
92;55;3
92;55;3
92;53;2
92;52;5
92;52;2
92;51;2
92;50;5
92;50;2
92;5;5
92;5;2
92;49;1
92;48;4
92;46;4
92;46;2
92;45;3
92;45;2
92;45;2
92;44;4
92;44;3
92;43;1
92;42;2
92;41;5
92;41;3
92;37;3
92;37;1
92;36;4
92;35;4
92;35;2
92;34;4
92;32;1
92;31;3
92;31;2
92;31;2
92;3;2
92;29;4
92;28;4
92;28;1
92;24;4
92;24;4
92;23;3
92;21;4
92;20;2
92;2;5
92;19;5
92;19;3
92;18;4
92;15;4
92;15;3
92;15;2
92;15;2
92;13;5
92;13;3
92;13;3
92;11;4
92;10;5
92;10;4
92;10;1
91;90;1
91;89;1
91;87;5
91;86;3
91;85;4
91;8;4
91;8;3
91;78;2
91;76;4
91;73;2
91;7;1
91;7;1
91;69;3
91;67;3
91;67;3
91;66;5
91;66;4
91;65;1
91;64;4
91;63;2
91;62;2
91;61;2
91;61;1
91;60;4
91;60;2
91;60;1
91;6;4
91;6;4
91;6;2
91;58;3
91;58;3
91;57;2
91;52;2
91;51;2
91;50;4
91;5;2
91;49;4
91;49;3
91;47;4
91;47;2
91;46;2
91;44;4
91;41;4
91;40;5
91;40;5
91;40;3
91;40;3
91;40;2
91;4;4
91;39;4
91;38;3
91;37;2
91;36;3
91;36;2
91;35;5
91;34;4
91;34;4
91;34;3
91;33;1
91;31;3
91;30;4
91;30;2
91;28;4
91;27;5
91;27;5
91;27;2
91;25;3
91;25;2
91;25;1
91;22;4
91;22;1
91;21;2
91;20;3
91;2;3
91;2;2
91;18;3
91;18;2
91;16;1
91;15;2
91;14;4
91;12;2
91;11;4
91;11;2
90;9;2
90;85;5
90;85;2
90;84;4
90;84;4
90;83;3
90;81;4
90;81;2
90;8;5
90;79;1
90;78;5
90;78;5
90;78;3
90;75;4
90;75;2
90;74;1
90;73;5
90;72;4
90;71;3
90;70;5
90;70;4
90;69;2
90;69;2
90;68;3
90;68;2
90;65;4
90;65;2
90;65;1
90;64;5
90;64;2
90;63;2
90;62;3
90;62;1
90;59;4
90;59;1
90;58;2
90;57;3
90;56;5
90;55;4
90;55;3
90;54;3
90;53;3
90;49;3
90;45;3
90;44;4
90;44;3
90;43;5
90;42;2
90;41;3
90;39;2
90;36;5
90;36;4
90;35;5
90;32;5
90;32;2
90;32;2
90;31;3
90;3;3
90;28;4
90;27;2
90;23;3
90;23;3
90;23;3
90;23;2
90;22;4
90;20;3
90;2;5
90;19;5
90;19;3
90;18;3
90;17;3
90;16;1
90;13;4
90;12;5
90;12;2
90;11;3
90;10;2
9;9;4
9;89;4
9;89;4
9;88;4
9;88;3
9;88;2
9;88;2
9;87;3
9;85;2
9;84;3
9;82;5
9;81;2
9;79;4
9;79;2
9;77;4
9;77;3
9;77;2
9;75;4
9;71;4
9;70;2
9;7;2
9;7;2
9;69;2
9;68;3
9;67;4
9;66;2
9;65;3
9;61;5
9;61;2
9;60;4
9;6;2
9;59;2
9;57;3
9;57;3
9;57;2
9;56;4
9;55;4
9;53;3
9;5;4
9;49;3
9;49;3
9;48;3
9;47;3
9;47;2
9;47;1
9;45;1
9;44;4
9;42;3
9;41;5
9;40;1
9;4;4
9;39;2
9;38;4
9;36;4
9;35;3
9;33;2
9;32;2
9;30;2
9;23;1
9;22;4
9;16;3
9;10;4
9;10;4
9;10;1
89;90;5
89;9;4
89;87;3
89;86;4
89;85;1
89;83;5
89;82;4
89;81;4
89;81;3
89;81;2
89;80;3
89;80;2
89;78;4
89;78;2
89;75;3
89;73;4
89;73;2
89;72;3
89;71;2
89;70;3
89;7;4
89;69;2
89;67;5
89;66;2
89;65;2
89;63;4
89;60;5
89;60;3
89;6;4
89;6;2
89;59;5
89;58;5
89;57;4
89;56;4
89;53;3
89;53;3
89;50;4
89;50;3
89;5;1
89;49;3
89;45;2
89;45;2
89;44;3
89;40;3
89;40;1
89;40;1
89;37;4
89;37;3
89;30;4
89;3;3
89;29;4
89;24;4
89;24;3
89;23;5
89;23;5
89;21;1
89;20;2
89;18;3
89;18;2
89;15;4
89;15;4
89;11;3
88;89;4
88;89;3
88;88;5
88;88;2
88;85;2
88;84;3
88;82;2
88;8;3
88;78;5
88;77;2
88;76;2
88;75;4
88;75;4
88;74;4
88;71;4
88;7;4
88;7;2
88;69;3
88;68;2
88;66;3
88;66;3
88;66;3
88;64;5
88;64;3
88;61;4
88;61;2
88;61;2
88;60;5
88;60;4
88;6;3
88;6;2
88;59;4
88;58;4
88;58;2
88;57;4
88;57;4
88;57;1
88;56;4
88;52;4
88;52;4
88;52;3
88;52;3
88;52;2
88;51;4
88;5;3
88;49;4
88;49;1
88;49;1
88;48;4
88;48;2
88;47;3
88;44;5
88;44;3
88;44;3
88;43;4
88;43;1
88;40;3
88;40;2
88;39;3
88;39;2
88;38;2
88;36;5
88;35;5
88;32;4
88;32;1
88;3;2
88;28;4
88;28;1
88;27;3
88;27;2
88;27;2
88;23;4
88;21;5
88;2;1
88;18;5
88;18;3
88;17;4
88;17;4
88;15;3
88;14;2
88;13;2
88;10;3
87;9;5
87;9;4
87;9;1
87;89;5
87;89;5
87;89;4
87;89;2
87;87;2
87;87;2
87;84;4
87;81;4
87;81;3
87;81;2
87;81;1
87;80;3
87;8;1
87;79;4
87;77;3
87;77;2
87;77;1
87;76;3
87;74;5
87;72;3
87;7;4
87;7;3
87;69;2
87;68;4
87;64;3
87;64;2
87;63;3
87;62;2
87;60;5
87;60;2
87;6;3
87;6;2
87;58;2
87;56;1
87;56;1
87;54;2
87;52;5
87;50;3
87;50;2
87;49;4
87;49;2
87;48;3
87;44;4
87;44;2
87;43;4
87;43;3
87;39;5
87;39;4
87;36;4
87;35;5
87;35;1
87;33;4
87;33;3
87;33;2
87;3;3
87;3;2
87;3;2
87;3;1
87;29;1
87;28;3
87;27;3
87;25;3
87;23;5
87;23;3
87;21;4
87;21;3
87;21;3
87;21;2
87;20;5
87;2;3
87;18;2
87;16;2
87;15;4
87;15;3
87;13;2
87;11;5
87;10;4
87;10;2
86;9;3
86;88;4
86;86;2
86;85;2
86;84;5
86;84;4
86;81;3
86;78;2
86;77;1
86;76;4
86;75;2
86;74;5
86;73;2
86;73;1
86;70;3
86;69;2
86;68;3
86;66;5
86;65;3
86;64;2
86;61;2
86;60;4
86;6;4
86;55;2
86;55;2
86;54;4
86;54;2
86;52;2
86;52;2
86;51;5
86;51;3
86;50;4
86;50;4
86;49;3
86;48;1
86;46;3
86;45;4
86;42;4
86;42;3
86;40;5
86;40;3
86;4;4
86;39;3
86;35;4
86;35;3
86;34;5
86;34;5
86;32;4
86;31;5
86;30;2
86;3;4
86;3;1
86;27;2
86;26;4
86;25;2
86;23;3
86;21;4
86;20;4
86;2;3
86;2;2
86;19;3
86;18;2
86;18;2
86;17;2
86;15;3
86;14;2
86;12;2
86;11;4
85;90;4
85;90;1
85;9;3
85;9;3
85;88;3
85;88;2
85;86;4
85;82;5
85;82;3
85;80;5
85;8;5
85;79;2
85;78;3
85;78;1
85;77;4
85;76;4
85;73;2
85;73;1
85;72;3
85;72;2
85;71;4
85;70;2
85;69;4
85;67;3
85;63;4
85;63;4
85;61;3
85;59;4
85;59;2
85;56;5
85;56;2
85;55;5
85;55;2
85;54;5
85;54;4
85;51;2
85;50;2
85;49;5
85;49;3
85;47;3
85;46;5
85;44;2
85;40;2
85;39;2
85;39;1
85;38;2
85;36;2
85;34;4
85;32;1
85;31;3
85;29;5
85;29;5
85;29;4
85;28;4
85;27;4
85;27;3
85;24;4
85;23;3
85;23;2
85;20;4
85;2;5
85;2;3
85;18;3
85;16;4
85;15;5
85;15;3
85;14;3
85;14;2
85;13;4
85;10;3
84;9;2
84;88;3
84;86;5
84;86;2
84;84;5
84;84;4
84;84;3
84;79;4
84;79;2
84;76;4
84;71;4
84;67;3
84;67;3
84;67;2
84;65;4
84;64;4
84;63;4
84;63;3
84;62;1
84;61;4
84;61;2
84;60;2
84;6;4
84;6;2
84;59;5
84;57;3
84;57;3
84;56;4
84;56;3
84;56;3
84;54;4
84;54;3
84;53;4
84;52;2
84;52;1
84;50;2
84;5;3
84;48;2
84;48;1
84;47;3
84;47;1
84;45;4
84;45;4
84;45;3
84;45;3
84;45;1
84;41;3
84;40;5
84;4;1
84;39;3
84;38;4
84;38;1
84;37;5
84;37;4
84;37;4
84;36;3
84;36;2
84;34;4
84;34;3
84;34;3
84;33;2
84;31;5
84;31;4
84;29;4
84;29;2
84;29;2
84;26;3
84;24;1
84;23;1
84;22;1
84;21;2
84;20;4
84;20;3
84;2;2
84;19;5
84;19;2
84;16;5
84;15;5
84;15;3
84;14;3
84;13;2
84;12;1
84;12;1
84;10;5
84;10;1
84;1;4
83;90;4
83;90;1
83;89;4
83;89;3
83;89;2
83;89;1
83;88;4
83;87;4
83;86;1
83;84;3
83;84;1
83;83;3
83;80;4
83;80;3
83;79;1
83;78;5
83;77;3
83;75;4
83;74;2
83;74;2
83;73;3
83;73;2
83;73;2
83;71;2
83;70;5
83;70;5
83;70;3
83;7;2
83;69;1
83;68;2
83;68;2
83;67;4
83;67;2
83;66;3
83;66;3
83;65;4
83;62;2
83;62;1
83;61;5
83;61;4
83;61;2
83;60;5
83;6;5
83;59;1
83;55;2
83;54;5
83;52;2
83;52;1
83;50;1
83;48;3
83;46;4
83;46;3
83;45;3
83;43;2
83;43;1
83;40;5
83;40;2
83;40;2
83;39;4
83;37;5
83;37;1
83;36;3
83;35;5
83;35;2
83;34;2
83;32;5
83;28;4
83;28;2
83;22;3
83;21;1
83;20;2
83;20;1
83;17;5
83;17;4
83;14;1
83;11;2
83;11;1
83;10;2
83;10;2
83;10;1
83;1;3
83;1;2
82;88;2
82;87;4
82;86;4
82;85;4
82;83;2
82;82;5
82;81;3
82;8;4
82;8;4
82;77;2
82;76;3
82;74;2
82;66;2
82;65;2
82;64;2
82;63;2
82;62;4
82;60;5
82;6;3
82;6;3
82;57;4
82;57;4
82;57;2
82;56;4
82;55;4
82;55;3
82;54;5
82;54;4
82;53;3
82;53;1
82;51;2
82;5;4
82;5;4
82;47;3
82;42;2
82;41;5
82;41;4
82;39;4
82;39;4
82;36;4
82;35;2
82;34;4
82;32;4
82;30;4
82;30;3
82;30;3
82;30;3
82;30;2
82;3;3
82;29;4
82;29;3
82;28;4
82;27;5
82;26;4
82;24;1
82;23;1
82;22;4
82;21;3
82;20;3
82;2;2
82;19;3
82;16;4
82;14;4
82;13;4
82;13;3
82;12;3
82;11;5
82;1;4
81;90;5
81;9;4
81;89;4
81;89;2
81;88;3
81;87;4
81;87;4
81;86;3
81;81;4
81;81;3
81;8;2
81;8;2
81;79;5
81;79;5
81;78;4
81;77;2
81;77;2
81;77;1
81;75;5
81;75;4
81;75;4
81;75;1
81;74;4
81;74;2
81;74;2
81;74;2
81;72;4
81;72;2
81;70;4
81;70;2
81;7;4
81;69;2
81;69;2
81;69;1
81;68;5
81;68;2
81;67;4
81;66;4
81;65;5
81;64;4
81;64;3
81;63;3
81;61;5
81;60;3
81;6;2
81;6;1
81;58;2
81;56;4
81;56;4
81;56;1
81;55;4
81;54;4
81;53;5
81;53;3
81;53;1
81;52;2
81;51;3
81;51;2
81;51;1
81;5;4
81;49;4
81;48;5
81;48;4
81;48;2
81;45;3
81;45;2
81;45;1
81;44;4
81;44;2
81;41;2
81;40;3
81;38;1
81;37;4
81;37;2
81;35;4
81;35;2
81;34;4
81;34;2
81;29;1
81;29;1
81;28;3
81;23;2
81;22;5
81;20;3
81;18;1
81;16;3
81;15;3
81;14;1
81;13;2
81;12;2
81;11;2
81;1;4
80;90;4
80;9;3
80;88;3
80;88;2
80;87;2
80;86;1
80;83;4
80;83;3
80;80;2
80;80;2
80;8;2
80;8;2
80;77;4
80;77;3
80;76;3
80;75;3
80;75;1
80;74;1
80;73;4
80;73;4
80;73;3
80;73;2
80;72;4
80;71;4
80;70;2
80;69;5
80;68;3
80;68;1
80;67;2
80;67;2
80;65;2
80;63;5
80;63;4
80;62;2
80;59;5
80;59;4
80;59;2
80;56;1
80;55;4
80;54;1
80;53;4
80;52;2
80;51;5
80;5;3
80;49;3
80;49;2
80;47;2
80;47;1
80;46;4
80;46;3
80;41;1
80;40;4
80;40;4
80;40;2
80;40;2
80;4;3
80;38;2
80;37;4
80;36;4
80;34;1
80;32;2
80;31;2
80;30;5
80;30;2
80;3;4
80;3;1
80;28;3
80;28;2
80;27;2
80;27;2
80;27;2
80;26;3
80;26;2
80;25;4
80;25;3
80;24;4
80;21;3
80;2;3
80;19;2
80;18;4
80;18;2
80;17;2
80;16;5
80;15;2
80;15;2
80;14;3
80;14;1
80;12;3
80;12;2
80;11;4
80;10;2
8;90;2
8;9;2
8;88;4
8;86;4
8;86;3
8;86;3
8;86;2
8;86;2
8;84;5
8;84;2
8;84;1
8;82;4
8;81;1
8;80;3
8;8;5
8;79;4
8;79;1
8;78;3
8;78;1
8;77;2
8;76;4
8;75;4
8;74;5
8;74;3
8;73;5
8;73;3
8;7;4
8;7;3
8;7;2
8;68;3
8;67;4
8;67;3
8;66;1
8;64;5
8;62;4
8;61;4
8;61;1
8;59;2
8;58;4
8;57;5
8;55;5
8;54;4
8;52;5
8;52;2
8;52;2
8;5;5
8;49;4
8;49;4
8;48;4
8;48;2
8;47;4
8;45;2
8;44;4
8;4;1
8;39;4
8;39;3
8;37;4
8;37;4
8;37;2
8;36;1
8;34;3
8;32;2
8;30;4
8;29;2
8;25;4
8;22;3
8;22;3
8;21;1
8;20;5
8;19;3
8;19;1
8;18;4
8;18;4
8;17;5
8;16;3
8;15;2
8;14;3
8;12;2
8;11;5
8;10;3
79;9;4
79;87;4
79;87;2
79;86;3
79;86;1
79;84;4
79;84;2
79;82;4
79;82;3
79;81;3
79;80;4
79;80;1
79;78;5
79;77;3
79;77;2
79;75;4
79;75;1
79;73;4
79;71;3
79;70;3
79;70;3
79;7;5
79;7;3
79;69;1
79;67;1
79;64;3
79;62;2
79;60;1
79;56;2
79;55;5
79;52;3
79;50;3
79;49;1
79;46;3
79;46;2
79;45;3
79;44;3
79;44;1
79;43;1
79;41;4
79;4;2
79;38;1
79;37;4
79;37;3
79;36;4
79;35;3
79;34;3
79;32;5
79;32;1
79;32;1
79;31;5
79;30;3
79;29;1
79;28;3
79;27;5
79;26;4
79;25;2
79;25;1
79;24;5
79;20;3
79;18;2
79;16;4
79;14;2
79;12;2
79;11;2
79;10;4
78;90;2
78;9;4
78;9;2
78;88;3
78;88;1
78;85;4
78;85;3
78;85;1
78;84;2
78;81;4
78;8;2
78;79;3
78;76;4
78;75;4
78;75;2
78;74;5
78;74;2
78;73;3
78;71;4
78;68;2
78;66;2
78;65;1
78;61;2
78;56;5
78;56;5
78;56;3
78;54;1
78;53;3
78;51;3
78;50;2
78;50;2
78;49;4
78;47;2
78;46;5
78;42;4
78;40;3
78;40;2
78;4;5
78;38;3
78;38;2
78;37;4
78;35;3
78;35;2
78;34;2
78;30;3
78;29;2
78;28;5
78;28;1
78;27;2
78;27;1
78;25;4
78;25;2
78;22;4
78;22;2
78;18;3
78;16;5
78;16;4
78;16;3
78;16;3
78;15;4
78;15;4
78;15;2
78;14;5
78;14;1
78;13;5
78;12;1
78;11;3
78;11;2
77;89;5
77;88;3
77;86;4
77;84;3
77;83;3
77;83;2
77;81;4
77;80;5
77;80;3
77;8;3
77;8;3
77;76;5
77;75;3
77;75;2
77;71;1
77;70;3
77;68;5
77;68;3
77;68;2
77;68;1
77;67;3
77;67;2
77;65;2
77;64;5
77;63;4
77;60;4
77;57;5
77;57;3
77;57;2
77;53;1
77;52;3
77;52;2
77;51;5
77;51;3
77;5;5
77;5;2
77;49;4
77;48;2
77;45;2
77;45;1
77;44;2
77;43;3
77;42;5
77;41;3
77;41;2
77;39;4
77;39;2
77;39;1
77;37;1
77;35;3
77;33;5
77;33;2
77;30;3
77;3;2
77;29;5
77;28;5
77;24;3
77;24;1
77;23;3
77;23;2
77;22;4
77;22;4
77;21;4
77;18;5
77;13;2
77;13;2
77;11;3
77;10;5
77;1;5
77;1;2
76;9;2
76;89;3
76;88;5
76;87;2
76;86;4
76;84;4
76;84;2
76;82;5
76;80;5
76;80;1
76;8;4
76;79;5
76;78;2
76;77;4
76;77;2
76;76;4
76;71;3
76;70;5
76;69;4
76;68;3
76;67;5
76;66;4
76;61;5
76;6;5
76;6;3
76;59;2
76;58;2
76;57;2
76;54;2
76;53;5
76;5;5
76;48;3
76;48;3
76;48;2
76;48;2
76;47;4
76;46;1
76;45;2
76;43;5
76;41;2
76;40;3
76;40;1
76;4;4
76;38;2
76;38;2
76;38;1
76;35;4
76;35;3
76;33;1
76;32;5
76;31;5
76;30;5
76;28;3
76;28;2
76;28;1
76;27;1
76;24;2
76;22;3
76;21;5
76;20;2
76;17;4
76;17;3
76;17;2
76;16;5
76;12;3
76;12;2
76;11;5
75;88;4
75;88;4
75;86;3
75;86;1
75;85;4
75;84;2
75;84;1
75;83;3
75;81;4
75;8;3
75;8;1
75;79;2
75;78;5
75;78;3
75;77;4
75;76;3
75;76;3
75;76;3
75;75;5
75;72;3
75;70;4
75;7;2
75;69;1
75;68;5
75;67;2
75;66;1
75;63;4
75;59;2
75;58;3
75;56;3
75;56;2
75;53;4
75;50;5
75;50;2
75;5;5
75;49;1
75;47;4
75;46;4
75;46;2
75;45;1
75;44;3
75;44;3
75;44;3
75;43;5
75;43;3
75;42;2
75;42;2
75;41;3
75;41;2
75;41;2
75;40;4
75;39;4
75;38;2
75;37;4
75;37;2
75;37;1
75;36;4
75;36;2
75;35;2
75;34;1
75;34;1
75;33;3
75;32;4
75;31;4
75;30;3
75;30;2
75;23;1
75;21;3
75;21;2
75;20;2
75;19;1
75;15;1
75;13;4
75;13;4
75;11;2
75;11;1
74;9;5
74;89;4
74;89;4
74;87;1
74;84;4
74;84;3
74;83;1
74;82;4
74;81;3
74;78;4
74;78;1
74;77;5
74;76;2
74;74;4
74;7;1
74;67;5
74;64;1
74;63;1
74;61;4
74;60;2
74;58;1
74;54;4
74;53;4
74;53;2
74;53;2
74;52;4
74;52;3
74;51;2
74;5;2
74;46;3
74;46;2
74;44;4
74;43;5
74;43;5
74;43;1
74;41;4
74;41;2
74;4;4
74;35;4
74;33;3
74;32;3
74;32;2
74;30;5
74;3;2
74;29;5
74;27;2
74;27;2
74;27;2
74;26;3
74;26;2
74;25;4
74;24;2
74;24;1
74;20;1
74;2;2
74;19;3
74;17;3
74;15;2
74;14;3
74;12;4
74;12;2
74;11;3
74;11;3
74;1;5
74;1;3
73;90;4
73;9;3
73;89;2
73;87;4
73;86;5
73;86;5
73;86;4
73;82;5
73;81;2
73;80;4
73;8;2
73;77;5
73;75;3
73;75;3
73;74;5
73;74;2
73;73;4
73;73;2
73;73;2
73;72;3
73;70;2
73;68;3
73;67;5
73;66;5
73;66;3
73;66;2
73;64;1
73;63;5
73;61;2
73;61;2
73;6;3
73;6;3
73;6;2
73;59;3
73;55;3
73;54;4
73;52;3
73;5;3
73;48;4
73;48;3
73;48;3
73;48;2
73;47;2
73;46;2
73;46;1
73;45;2
73;44;2
73;43;4
73;43;1
73;42;3
73;41;2
73;40;2
73;4;4
73;4;3
73;4;2
73;39;2
73;37;4
73;36;1
73;35;4
73;34;2
73;31;3
73;29;5
73;29;3
73;28;1
73;25;5
73;25;3
73;21;2
73;2;3
73;2;3
73;19;5
73;19;3
73;17;2
73;16;3
73;15;3
73;13;5
73;11;5
73;10;1
72;89;5
72;88;1
72;87;4
72;85;4
72;83;4
72;82;4
72;82;3
72;81;4
72;80;3
72;79;5
72;79;1
72;78;3
72;77;3
72;74;5
72;72;3
72;70;5
72;70;4
72;68;3
72;66;4
72;66;3
72;65;5
72;65;4
72;64;3
72;62;2
72;62;1
72;61;5
72;58;4
72;56;4
72;56;4
72;55;5
72;55;4
72;53;3
72;5;4
72;5;4
72;49;4
72;48;2
72;46;1
72;42;3
72;40;4
72;40;2
72;39;4
72;35;2
72;34;3
72;34;3
72;34;2
72;33;5
72;33;2
72;32;2
72;30;5
72;30;4
72;30;2
72;26;5
72;26;2
72;25;4
72;24;3
72;23;2
72;21;4
72;21;4
72;21;2
72;21;1
72;20;3
72;20;1
72;2;1
72;19;3
72;19;2
72;13;1
72;12;2
72;11;5
72;11;4
72;10;4
72;10;3
72;10;1
71;85;4
71;85;2
71;82;5
71;8;1
71;77;4
71;74;2
71;73;3
71;73;2
71;73;2
71;73;2
71;71;4
71;70;5
71;70;5
71;70;4
71;7;2
71;69;1
71;68;1
71;67;2
71;65;2
71;64;4
71;63;4
71;62;4
71;61;1
71;60;2
71;6;4
71;6;3
71;58;2
71;58;1
71;57;2
71;55;5
71;54;5
71;53;5
71;53;2
71;52;4
71;51;3
71;5;2
71;49;2
71;47;4
71;47;3
71;43;5
71;43;3
71;43;3
71;42;3
71;4;1
71;37;2
71;37;2
71;32;1
71;30;2
71;3;2
71;28;4
71;28;3
71;28;2
71;28;1
71;26;1
71;25;3
71;22;4
71;22;2
71;14;4
71;14;4
71;12;5
71;12;2
71;11;3
71;11;2
71;10;2
71;1;4
70;90;5
70;90;1
70;9;2
70;89;2
70;88;3
70;86;3
70;86;1
70;83;3
70;83;3
70;81;4
70;81;1
70;80;4
70;78;2
70;78;1
70;77;2
70;76;1
70;75;3
70;74;2
70;73;2
70;71;5
70;71;2
70;68;3
70;68;2
70;65;4
70;64;3
70;64;2
70;64;1
70;63;4
70;63;1
70;62;3
70;62;2
70;61;2
70;60;4
70;60;3
70;60;2
70;6;4
70;59;5
70;58;3
70;58;1
70;57;5
70;57;4
70;54;5
70;53;4
70;53;3
70;53;2
70;52;1
70;51;3
70;5;2
70;45;4
70;45;3
70;44;4
70;43;1
70;42;3
70;41;2
70;4;5
70;4;3
70;4;2
70;39;1
70;39;1
70;37;3
70;37;2
70;35;2
70;34;2
70;33;2
70;33;2
70;32;4
70;32;3
70;31;2
70;30;5
70;28;5
70;28;3
70;27;5
70;27;5
70;27;1
70;26;4
70;23;4
70;19;3
70;17;4
70;16;4
70;16;2
70;13;1
70;12;4
70;11;3
70;10;4
70;10;2
7;89;4
7;87;5
7;87;3
7;83;3
7;83;1
7;83;1
7;82;2
7;81;3
7;79;2
7;78;1
7;77;3
7;76;5
7;76;3
7;72;4
7;7;4
7;7;3
7;69;2
7;68;1
7;67;4
7;65;1
7;64;3
7;64;2
7;64;2
7;64;1
7;63;2
7;62;5
7;62;2
7;61;3
7;60;3
7;60;2
7;6;3
7;59;2
7;57;1
7;56;3
7;55;3
7;55;1
7;53;4
7;52;4
7;52;3
7;51;3
7;51;3
7;51;3
7;5;5
7;49;3
7;46;3
7;46;3
7;45;3
7;44;4
7;42;4
7;42;4
7;42;4
7;40;3
7;4;2
7;38;3
7;38;2
7;37;2
7;36;2
7;36;1
7;35;3
7;34;3
7;32;3
7;32;1
7;32;1
7;31;5
7;30;1
7;3;4
7;3;3
7;3;2
7;29;4
7;28;4
7;28;3
7;27;4
7;25;4
7;23;1
7;23;1
7;22;4
7;21;3
7;2;5
7;2;5
7;19;4
7;18;3
7;18;2
7;17;3
7;16;4
7;16;4
7;15;1
7;13;4
7;13;2
7;12;5
7;10;5
7;10;3
69;9;2
69;88;5
69;87;5
69;86;5
69;84;4
69;83;2
69;81;3
69;80;5
69;80;2
69;8;2
69;78;3
69;77;3
69;76;3
69;74;2
69;74;1
69;73;3
69;73;2
69;72;3
69;71;4
69;69;2
69;67;5
69;66;1
69;65;3
69;65;1
69;64;4
69;63;2
69;60;5
69;6;5
69;6;1
69;58;2
69;53;3
69;53;1
69;52;3
69;5;3
69;5;3
69;45;2
69;45;2
69;4;5
69;4;3
69;36;4
69;36;4
69;34;3
69;33;1
69;33;1
69;32;5
69;32;5
69;31;2
69;27;5
69;26;4
69;25;4
69;22;4
69;20;5
69;2;3
69;19;3
69;15;2
69;15;2
69;13;1
69;12;4
69;10;3
68;88;5
68;88;4
68;86;4
68;86;4
68;85;3
68;84;1
68;83;1
68;82;1
68;80;3
68;8;1
68;79;2
68;79;2
68;79;2
68;78;5
68;77;5
68;76;4
68;75;3
68;73;3
68;72;5
68;71;4
68;71;2
68;70;2
68;70;1
68;7;4
68;68;2
68;67;2
68;66;4
68;64;3
68;62;2
68;61;4
68;61;3
68;60;2
68;6;2
68;59;2
68;56;2
68;52;2
68;50;3
68;5;1
68;46;2
68;44;4
68;42;3
68;42;2
68;38;4
68;37;5
68;36;3
68;36;1
68;34;1
68;33;4
68;33;3
68;32;5
68;31;4
68;28;4
68;26;3
68;26;3
68;26;3
68;26;2
68;23;2
68;22;3
68;21;4
68;2;1
68;19;5
68;18;5
68;17;1
68;12;3
68;11;2
68;10;4
68;10;2
68;10;2
68;10;2
67;9;3
67;9;3
67;9;2
67;9;2
67;9;1
67;89;4
67;88;2
67;86;4
67;86;3
67;85;4
67;85;3
67;82;2
67;80;3
67;8;4
67;78;5
67;78;2
67;76;3
67;74;2
67;73;3
67;73;3
67;72;3
67;71;3
67;66;3
67;65;4
67;63;1
67;62;4
67;62;2
67;61;2
67;60;2
67;60;1
67;6;2
67;59;1
67;53;3
67;52;2
67;49;3
67;48;4
67;47;5
67;47;4
67;46;2
67;44;4
67;43;5
67;42;2
67;41;4
67;41;4
67;39;5
67;39;3
67;36;4
67;36;3
67;34;3
67;33;4
67;32;3
67;31;3
67;3;2
67;29;3
67;28;2
67;27;2
67;26;4
67;25;1
67;24;4
67;23;5
67;23;4
67;22;1
67;21;1
67;17;1
67;15;5
67;12;4
67;12;1
67;11;2
67;10;3
66;90;2
66;89;5
66;88;3
66;88;2
66;86;4
66;85;1
66;83;5
66;82;4
66;81;1
66;80;2
66;76;5
66;76;2
66;73;4
66;73;4
66;73;2
66;73;2
66;72;3
66;71;3
66;69;2
66;68;2
66;67;4
66;67;3
66;65;5
66;60;4
66;60;2
66;6;3
66;6;1
66;57;5
66;57;4
66;56;2
66;54;2
66;53;4
66;53;2
66;52;5
66;51;2
66;51;1
66;50;1
66;5;5
66;5;3
66;49;5
66;49;1
66;48;5
66;48;5
66;48;2
66;47;4
66;47;2
66;45;2
66;44;2
66;43;4
66;43;2
66;42;2
66;40;1
66;39;3
66;37;2
66;37;1
66;36;3
66;35;5
66;33;3
66;31;4
66;31;2
66;28;3
66;27;4
66;26;2
66;25;4
66;22;2
66;22;1
66;20;2
66;20;2
66;17;4
66;17;2
66;17;2
66;15;4
66;14;5
66;13;3
66;11;5
65;90;4
65;9;2
65;9;1
65;89;5
65;89;4
65;89;2
65;87;4
65;87;3
65;82;3
65;81;4
65;81;3
65;81;1
65;80;3
65;8;5
65;8;3
65;77;4
65;73;4
65;72;5
65;72;2
65;71;1
65;71;1
65;70;3
65;7;1
65;69;4
65;69;3
65;67;2
65;65;3
65;65;2
65;65;1
65;63;4
65;6;3
65;59;2
65;58;1
65;51;5
65;51;3
65;50;3
65;49;4
65;49;1
65;49;1
65;48;3
65;46;5
65;43;2
65;43;1
65;42;1
65;39;4
65;37;5
65;33;2
65;31;2
65;30;4
65;30;2
65;29;5
65;29;2
65;28;1
65;25;5
65;25;4
65;25;3
65;25;2
65;24;4
65;24;2
65;22;4
65;21;1
65;2;2
65;18;2
65;12;5
65;12;3
65;10;4
64;9;3
64;9;3
64;89;5
64;89;1
64;87;4
64;87;3
64;86;2
64;86;2
64;85;1
64;80;3
64;80;2
64;79;5
64;79;2
64;77;1
64;73;3
64;72;3
64;71;4
64;70;1
64;7;4
64;7;3
64;69;1
64;68;4
64;67;2
64;66;3
64;66;1
64;65;3
64;64;4
64;64;2
64;62;4
64;62;4
64;61;2
64;60;4
64;6;2
64;59;2
64;52;4
64;5;3
64;49;1
64;47;3
64;45;5
64;45;2
64;44;3
64;4;3
64;4;2
64;39;4
64;39;2
64;36;1
64;35;5
64;35;4
64;33;1
64;32;3
64;30;4
64;30;3
64;3;5
64;29;3
64;27;1
64;25;2
64;25;1
64;24;5
64;24;2
64;22;2
64;21;5
64;21;2
64;2;3
64;19;2
64;19;2
64;18;4
64;15;3
64;12;2
64;11;4
64;11;1
64;10;3
64;1;4
63;90;3
63;89;5
63;89;2
63;88;4
63;88;2
63;87;5
63;86;4
63;85;5
63;84;4
63;82;3
63;81;2
63;81;2
63;80;2
63;8;2
63;8;2
63;8;1
63;74;1
63;72;4
63;72;4
63;72;4
63;71;1
63;70;2
63;69;3
63;69;3
63;66;3
63;65;4
63;65;3
63;65;1
63;64;3
63;63;3
63;62;5
63;62;3
63;62;2
63;62;2
63;61;5
63;61;1
63;60;4
63;6;3
63;58;4
63;58;1
63;54;2
63;52;2
63;52;1
63;50;3
63;5;2
63;49;5
63;49;2
63;47;5
63;45;4
63;45;3
63;44;2
63;43;4
63;43;3
63;42;3
63;40;3
63;4;2
63;39;4
63;39;2
63;38;5
63;35;1
63;33;3
63;32;4
63;32;2
63;31;2
63;29;4
63;26;2
63;22;4
63;2;4
63;18;4
63;12;5
63;10;4
62;90;2
62;9;4
62;9;4
62;9;2
62;88;4
62;88;3
62;88;1
62;87;4
62;87;4
62;85;5
62;83;4
62;83;4
62;83;2
62;82;3
62;82;3
62;81;4
62;80;2
62;8;4
62;8;3
62;79;3
62;79;3
62;77;2
62;71;1
62;70;2
62;69;5
62;69;3
62;66;5
62;66;2
62;64;5
62;64;4
62;64;3
62;63;3
62;62;5
62;61;2
62;60;5
62;59;5
62;59;3
62;57;3
62;57;3
62;56;5
62;54;2
62;52;2
62;52;2
62;51;5
62;5;2
62;47;4
62;47;1
62;46;2
62;46;1
62;45;2
62;43;3
62;42;3
62;42;2
62;42;1
62;41;1
62;40;4
62;40;3
62;38;4
62;38;3
62;36;3
62;36;2
62;36;2
62;32;3
62;32;2
62;30;4
62;30;4
62;30;4
62;30;3
62;28;4
62;28;4
62;25;4
62;25;2
62;24;4
62;23;2
62;23;1
62;22;4
62;22;3
62;21;2
62;20;1
62;18;2
62;17;2
62;16;2
62;14;1
62;14;1
62;13;3
61;9;2
61;9;1
61;89;3
61;88;5
61;87;3
61;82;4
61;82;3
61;81;2
61;80;3
61;79;3
61;78;5
61;74;4
61;72;3
61;70;4
61;7;4
61;7;2
61;64;3
61;61;5
61;60;3
61;6;4
61;6;2
61;59;3
61;57;3
61;55;5
61;55;4
61;53;5
61;53;4
61;52;1
61;51;4
61;49;5
61;46;4
61;45;4
61;45;3
61;44;5
61;42;4
61;41;1
61;4;5
61;4;1
61;4;1
61;39;5
61;39;3
61;37;3
61;37;2
61;36;2
61;34;3
61;32;5
61;32;4
61;32;4
61;25;4
61;25;2
61;23;5
61;23;3
61;23;3
61;22;1
61;22;1
61;21;2
61;20;2
61;2;4
61;2;3
61;2;2
61;2;2
61;2;2
61;19;1
61;16;3
61;16;2
61;16;1
61;14;3
61;11;4
61;10;4
61;10;2
60;88;5
60;85;2
60;84;5
60;84;4
60;84;3
60;83;4
60;82;1
60;81;1
60;79;4
60;78;3
60;77;5
60;76;1
60;74;3
60;74;2
60;73;5
60;72;4
60;71;5
60;71;3
60;71;2
60;70;1
60;68;3
60;66;3
60;66;1
60;66;1
60;64;2
60;63;4
60;63;3
60;60;5
60;60;4
60;59;4
60;58;1
60;57;4
60;56;3
60;55;2
60;54;3
60;54;2
60;52;2
60;49;2
60;48;4
60;46;2
60;44;4
60;43;4
60;43;3
60;42;5
60;42;4
60;42;3
60;42;2
60;41;1
60;39;4
60;39;4
60;37;5
60;37;5
60;37;4
60;37;3
60;36;2
60;35;4
60;32;3
60;31;2
60;30;5
60;30;4
60;28;4
60;27;3
60;25;4
60;24;2
60;21;1
60;2;4
60;2;4
60;19;5
60;18;5
60;16;2
60;12;3
60;11;3
60;10;3
60;10;3
60;10;3
60;1;3
6;90;3
6;89;3
6;89;3
6;89;3
6;89;2
6;88;1
6;88;1
6;87;4
6;86;4
6;85;4
6;85;3
6;83;2
6;82;1
6;81;3
6;75;5
6;75;4
6;75;1
6;75;1
6;72;4
6;71;2
6;71;1
6;7;4
6;68;2
6;67;2
6;67;1
6;65;4
6;65;4
6;63;2
6;63;1
6;62;2
6;60;5
6;59;4
6;59;1
6;58;4
6;55;4
6;53;5
6;53;2
6;51;2
6;50;2
6;46;3
6;45;5
6;44;2
6;43;5
6;43;3
6;40;2
6;4;2
6;38;4
6;37;1
6;31;5
6;31;4
6;30;5
6;30;1
6;3;3
6;28;1
6;27;3
6;26;1
6;24;5
6;22;4
6;21;2
6;19;2
6;19;1
6;18;2
6;16;2
6;14;2
6;13;4
6;13;4
6;1;3
59;87;5
59;87;4
59;86;4
59;86;4
59;84;2
59;83;5
59;83;4
59;83;3
59;82;4
59;82;2
59;80;3
59;79;3
59;77;4
59;77;3
59;77;2
59;76;2
59;76;2
59;75;3
59;75;2
59;73;1
59;71;2
59;70;5
59;70;1
59;7;5
59;7;4
59;69;4
59;69;2
59;63;2
59;62;3
59;60;3
59;60;2
59;6;3
59;6;2
59;58;3
59;58;2
59;55;5
59;55;2
59;55;1
59;54;2
59;54;1
59;53;4
59;53;3
59;53;1
59;51;4
59;51;2
59;49;3
59;47;2
59;46;4
59;42;2
59;42;1
59;41;5
59;41;2
59;41;2
59;40;3
59;39;3
59;38;4
59;34;5
59;34;5
59;34;2
59;33;4
59;32;4
59;3;4
59;3;3
59;28;1
59;28;1
59;27;4
59;27;4
59;25;4
59;25;2
59;25;1
59;23;5
59;23;4
59;23;2
59;22;2
59;19;5
59;18;4
59;15;2
59;15;2
59;12;1
59;11;3
58;9;4
58;9;2
58;9;1
58;89;2
58;88;4
58;88;4
58;86;5
58;86;2
58;84;5
58;84;3
58;84;1
58;83;4
58;83;1
58;82;2
58;82;2
58;82;2
58;8;2
58;79;3
58;78;5
58;78;3
58;77;5
58;77;4
58;77;3
58;76;3
58;75;5
58;75;5
58;75;3
58;75;2
58;75;2
58;74;5
58;74;4
58;74;4
58;73;1
58;72;3
58;72;2
58;72;1
58;71;4
58;71;4
58;7;1
58;67;5
58;64;1
58;62;4
58;61;4
58;60;3
58;6;4
58;56;4
58;53;4
58;53;2
58;52;4
58;51;4
58;51;2
58;48;2
58;47;5
58;44;4
58;44;2
58;43;5
58;40;4
58;4;2
58;39;5
58;39;2
58;39;1
58;37;1
58;35;3
58;35;1
58;34;4
58;34;3
58;32;5
58;31;4
58;3;1
58;28;4
58;28;4
58;28;3
58;26;1
58;24;4
58;23;4
58;22;5
58;22;4
58;22;2
58;21;2
58;21;2
58;21;2
58;2;4
58;2;3
58;2;2
58;19;4
58;18;4
58;18;4
58;16;5
58;16;3
58;13;4
58;13;3
58;10;3
57;9;5
57;9;5
57;9;1
57;89;4
57;88;3
57;87;1
57;83;4
57;83;2
57;81;3
57;8;4
57;77;4
57;75;3
57;75;2
57;73;3
57;72;5
57;72;2
57;71;4
57;65;3
57;64;2
57;62;3
57;60;4
57;6;3
57;58;4
57;57;5
57;57;4
57;56;1
57;55;3
57;54;2
57;53;5
57;51;2
57;50;1
57;50;1
57;5;4
57;5;4
57;5;3
57;49;4
57;49;2
57;49;2
57;47;5
57;47;3
57;47;2
57;46;1
57;43;5
57;43;4
57;43;2
57;42;2
57;41;3
57;41;2
57;40;3
57;4;3
57;39;2
57;37;5
57;37;2
57;36;3
57;36;3
57;35;4
57;35;2
57;35;1
57;34;4
57;34;2
57;34;2
57;32;5
57;32;3
57;3;5
57;3;1
57;26;1
57;25;3
57;22;3
57;22;3
57;21;4
57;21;1
57;20;5
57;20;5
57;2;3
57;2;1
57;18;4
57;18;4
57;18;3
57;17;3
57;16;2
57;13;2
57;13;1
57;12;3
57;11;5
57;11;4
57;1;3
56;9;3
56;9;1
56;88;3
56;87;1
56;86;4
56;86;2
56;86;2
56;85;4
56;81;5
56;81;3
56;80;2
56;80;1
56;8;4
56;79;2
56;78;4
56;78;2
56;77;4
56;77;2
56;74;5
56;74;4
56;72;2
56;7;4
56;7;3
56;69;3
56;67;4
56;66;4
56;65;3
56;65;2
56;62;4
56;62;2
56;61;1
56;60;3
56;6;2
56;57;5
56;57;2
56;55;3
56;54;3
56;53;5
56;53;4
56;53;1
56;52;2
56;52;1
56;51;4
56;50;2
56;49;1
56;48;5
56;47;2
56;47;1
56;45;4
56;44;5
56;44;1
56;42;1
56;4;5
56;39;5
56;38;4
56;37;3
56;34;5
56;33;3
56;32;4
56;31;4
56;31;3
56;30;3
56;28;4
56;26;5
56;26;4
56;25;5
56;24;2
56;23;1
56;20;4
56;20;2
56;2;4
56;2;4
56;2;3
56;2;3
56;16;3
56;16;2
56;14;2
56;12;5
56;12;3
56;11;3
56;1;1
55;90;4
55;90;2
55;9;3
55;88;1
55;86;2
55;86;1
55;85;2
55;84;2
55;83;1
55;82;4
55;81;3
55;81;1
55;8;5
55;8;4
55;8;4
55;78;4
55;77;4
55;77;3
55;76;2
55;74;5
55;74;3
55;72;4
55;72;3
55;72;1
55;70;3
55;7;2
55;68;3
55;68;2
55;67;5
55;65;4
55;63;2
55;63;2
55;61;4
55;58;1
55;53;3
55;52;5
55;52;2
55;51;3
55;5;2
55;49;2
55;47;2
55;46;5
55;46;1
55;46;1
55;45;4
55;44;4
55;44;3
55;44;2
55;44;1
55;41;4
55;40;4
55;40;1
55;4;3
55;39;4
55;39;2
55;38;2
55;38;2
55;38;2
55;37;5
55;37;5
55;37;5
55;37;3
55;37;3
55;37;2
55;36;2
55;30;2
55;28;1
55;24;5
55;24;4
55;23;1
55;2;5
55;2;4
55;18;1
55;16;4
55;16;3
55;15;3
55;14;5
55;14;4
55;12;2
55;11;3
55;11;1
55;10;2
55;1;3
54;90;4
54;89;4
54;87;2
54;85;5
54;85;3
54;83;3
54;81;3
54;80;5
54;80;2
54;8;3
54;79;2
54;78;3
54;78;2
54;77;4
54;76;3
54;76;1
54;74;3
54;73;2
54;72;4
54;71;4
54;71;3
54;70;4
54;7;5
54;68;3
54;66;4
54;66;4
54;66;3
54;65;4
54;65;2
54;64;4
54;63;4
54;63;3
54;62;3
54;62;1
54;60;2
54;60;2
54;6;5
54;59;3
54;59;3
54;58;5
54;58;5
54;58;3
54;58;3
54;57;4
54;55;5
54;55;5
54;51;3
54;48;5
54;48;1
54;47;5
54;45;3
54;45;1
54;42;3
54;41;2
54;36;3
54;34;2
54;33;3
54;33;1
54;32;3
54;31;3
54;31;3
54;29;4
54;29;2
54;26;3
54;26;2
54;23;4
54;22;3
54;22;3
54;22;2
54;20;2
54;2;5
54;19;3
54;19;3
54;19;2
54;17;5
54;16;3
54;15;2
53;9;1
53;89;3
53;88;5
53;88;2
53;88;2
53;88;2
53;87;2
53;86;4
53;86;4
53;85;4
53;83;5
53;81;4
53;80;5
53;8;4
53;79;5
53;79;2
53;78;1
53;74;1
53;72;3
53;70;3
53;70;3
53;7;3
53;7;2
53;69;3
53;68;4
53;66;1
53;65;3
53;64;4
53;6;4
53;6;2
53;59;4
53;59;3
53;56;3
53;54;5
53;54;4
53;53;4
53;52;4
53;52;2
53;51;1
53;50;3
53;5;2
53;48;4
53;48;3
53;47;3
53;47;2
53;43;5
53;43;4
53;42;3
53;4;1
53;38;3
53;36;2
53;36;1
53;34;4
53;32;3
53;31;3
53;30;2
53;3;3
53;3;2
53;3;2
53;25;5
53;24;5
53;24;4
53;22;3
53;22;2
53;2;4
53;19;4
53;18;4
53;18;3
53;18;3
53;18;3
53;16;2
53;14;3
53;11;3
53;10;3
52;90;2
52;89;4
52;89;3
52;88;1
52;86;3
52;86;3
52;86;2
52;85;4
52;85;2
52;83;3
52;82;3
52;82;3
52;79;3
52;79;2
52;78;1
52;77;5
52;77;3
52;77;3
52;75;5
52;75;4
52;75;3
52;72;3
52;71;2
52;70;5
52;7;1
52;68;1
52;67;1
52;66;3
52;65;2
52;64;4
52;61;4
52;61;2
52;6;3
52;6;2
52;58;4
52;58;3
52;57;4
52;56;5
52;54;4
52;54;3
52;53;5
52;53;4
52;50;1
52;5;2
52;47;1
52;46;1
52;45;2
52;40;2
52;4;4
52;38;4
52;38;4
52;31;5
52;3;5
52;29;4
52;29;1
52;29;1
52;28;2
52;28;2
52;23;2
52;21;2
52;19;5
52;19;2
52;18;2
52;16;3
52;16;1
52;14;1
52;13;4
52;13;3
52;13;1
52;12;4
52;10;4
52;10;2
52;10;2
51;9;1
51;88;1
51;87;4
51;86;3
51;84;3
51;83;3
51;82;2
51;82;2
51;82;1
51;82;1
51;81;4
51;81;4
51;81;4
51;81;3
51;80;4
51;80;3
51;80;2
51;78;3
51;78;3
51;78;2
51;78;2
51;76;4
51;74;3
51;71;4
51;71;3
51;68;3
51;65;4
51;62;1
51;59;5
51;59;4
51;58;4
51;58;3
51;57;5
51;55;4
51;55;2
51;53;3
51;52;5
51;52;4
51;52;2
51;50;2
51;49;1
51;48;2
51;47;4
51;42;4
51;40;3
51;39;4
51;33;3
51;27;5
51;27;1
51;25;3
51;24;3
51;22;1
51;21;4
51;20;4
51;20;3
51;18;5
51;18;2
51;17;4
51;11;4
50;88;4
50;87;4
50;86;1
50;85;4
50;85;2
50;84;5
50;8;3
50;79;4
50;78;5
50;75;5
50;72;4
50;72;3
50;71;1
50;70;4
50;7;4
50;69;3
50;69;3
50;68;2
50;67;4
50;65;4
50;65;3
50;65;1
50;62;3
50;61;5
50;61;3
50;61;1
50;60;2
50;58;3
50;55;2
50;54;2
50;53;2
50;53;1
50;53;1
50;52;4
50;52;1
50;51;4
50;51;2
50;51;2
50;50;5
50;5;5
50;44;4
50;44;2
50;41;4
50;41;2
50;39;2
50;38;3
50;36;4
50;36;2
50;35;1
50;31;2
50;3;2
50;29;4
50;26;5
50;26;4
50;26;4
50;26;4
50;25;5
50;22;5
50;22;2
50;22;1
50;21;5
50;21;5
50;20;2
50;2;2
50;19;4
50;18;4
50;16;4
50;16;4
50;15;5
50;14;3
50;12;5
50;11;4
50;10;3
5;89;2
5;89;2
5;88;4
5;85;3
5;85;2
5;85;2
5;85;1
5;84;4
5;84;1
5;83;4
5;81;4
5;8;2
5;78;1
5;77;1
5;76;4
5;76;4
5;76;3
5;76;2
5;75;3
5;75;3
5;75;2
5;70;4
5;7;2
5;67;3
5;65;4
5;64;1
5;63;1
5;61;3
5;60;3
5;58;4
5;57;3
5;54;3
5;51;3
5;50;3
5;5;2
5;47;1
5;46;4
5;46;3
5;46;1
5;45;3
5;44;2
5;42;3
5;41;2
5;40;5
5;40;4
5;40;2
5;4;3
5;38;1
5;36;5
5;35;4
5;35;1
5;31;5
5;3;4
5;3;3
5;29;5
5;27;2
5;27;1
5;24;4
5;24;3
5;21;3
5;2;4
5;2;4
5;2;3
5;2;2
5;19;2
5;15;2
5;14;5
5;14;2
5;11;2
49;90;4
49;88;5
49;88;1
49;84;2
49;8;4
49;8;1
49;79;3
49;79;2
49;79;2
49;78;4
49;77;5
49;77;4
49;77;4
49;77;3
49;76;5
49;76;4
49;72;3
49;7;4
49;69;3
49;67;5
49;67;2
49;65;5
49;65;4
49;65;3
49;64;3
49;64;1
49;62;4
49;62;1
49;61;1
49;60;4
49;58;2
49;57;3
49;56;4
49;56;2
49;56;2
49;55;2
49;54;4
49;51;5
49;51;3
49;50;3
49;48;4
49;47;4
49;47;3
49;46;1
49;43;2
49;42;3
49;41;5
49;4;4
49;4;2
49;38;2
49;37;5
49;37;2
49;36;3
49;35;5
49;34;4
49;32;4
49;30;4
49;30;3
49;30;2
49;29;5
49;29;2
49;27;1
49;26;4
49;26;2
49;24;3
49;23;4
49;23;2
49;22;4
49;21;4
49;20;3
49;20;2
49;2;4
49;19;3
49;16;5
49;14;4
49;14;4
49;14;3
49;10;3
49;1;3
49;1;1
48;9;4
48;87;4
48;87;3
48;86;4
48;84;2
48;83;4
48;81;3
48;8;5
48;8;1
48;78;2
48;78;2
48;76;4
48;74;4
48;73;3
48;73;3
48;73;2
48;72;4
48;71;4
48;71;2
48;71;2
48;70;5
48;70;3
48;7;5
48;7;1
48;69;4
48;67;4
48;67;2
48;67;1
48;66;5
48;61;5
48;6;3
48;55;3
48;54;4
48;54;2
48;53;4
48;52;3
48;50;5
48;50;1
48;49;3
48;48;3
48;48;1
48;46;3
48;45;3
48;44;5
48;43;3
48;42;5
48;42;4
48;42;4
48;42;2
48;4;3
48;4;2
48;4;2
48;39;4
48;39;4
48;37;3
48;36;3
48;36;3
48;36;2
48;35;5
48;35;4
48;32;2
48;32;2
48;31;5
48;31;5
48;30;4
48;27;4
48;24;2
48;23;3
48;20;4
48;19;5
48;17;1
48;16;5
48;16;4
48;16;2
48;15;2
48;14;5
48;14;3
48;13;2
48;12;1
48;11;4
48;11;4
48;11;2
48;10;3
48;1;3
47;89;4
47;89;4
47;89;4
47;88;2
47;86;3
47;85;4
47;85;2
47;84;2
47;83;5
47;83;4
47;83;3
47;82;3
47;82;3
47;81;5
47;81;2
47;80;2
47;78;4
47;78;4
47;77;5
47;77;4
47;77;3
47;77;3
47;77;1
47;76;3
47;75;4
47;72;2
47;72;1
47;71;4
47;71;3
47;71;3
47;7;5
47;69;3
47;68;3
47;67;4
47;66;4
47;65;3
47;64;4
47;64;2
47;63;4
47;62;5
47;62;5
47;62;4
47;61;4
47;60;2
47;6;5
47;6;4
47;6;2
47;59;1
47;55;4
47;55;3
47;54;4
47;54;3
47;54;2
47;52;5
47;52;5
47;52;4
47;51;3
47;50;1
47;48;2
47;46;4
47;42;5
47;41;4
47;40;4
47;40;4
47;39;3
47;39;1
47;37;4
47;37;3
47;36;3
47;34;5
47;33;4
47;33;3
47;33;3
47;33;1
47;3;4
47;3;3
47;28;4
47;28;4
47;28;1
47;27;5
47;26;4
47;25;3
47;21;3
47;21;1
47;20;2
47;19;3
47;19;3
47;18;5
47;18;3
47;17;3
47;16;4
47;15;5
47;15;2
47;14;2
47;12;4
47;12;3
47;1;4
46;9;5
46;9;3
46;88;4
46;88;3
46;87;3
46;84;3
46;81;5
46;81;2
46;81;1
46;78;3
46;78;2
46;77;4
46;77;2
46;74;3
46;74;1
46;73;4
46;72;4
46;71;2
46;70;4
46;69;2
46;68;3
46;66;4
46;62;3
46;62;3
46;6;4
46;57;2
46;57;2
46;56;2
46;53;2
46;51;1
46;48;2
46;48;1
46;45;5
46;44;3
46;43;4
46;43;3
46;43;1
46;42;2
46;41;5
46;41;2
46;40;4
46;40;1
46;4;2
46;4;1
46;38;3
46;37;5
46;37;4
46;35;3
46;32;2
46;31;3
46;30;4
46;29;5
46;28;2
46;28;1
46;27;5
46;27;5
46;23;2
46;22;4
46;22;2
46;22;2
46;21;1
46;19;3
46;16;4
46;16;2
46;16;1
46;16;1
46;15;1
46;14;4
46;13;4
46;13;4
46;11;2
46;10;4
46;10;3
45;90;4
45;9;1
45;89;4
45;89;1
45;88;2
45;86;3
45;86;2
45;85;2
45;84;3
45;84;2
45;82;4
45;8;3
45;76;5
45;75;4
45;74;4
45;74;2
45;73;4
45;73;3
45;72;3
45;71;4
45;70;4
45;70;2
45;69;4
45;69;1
45;68;2
45;67;3
45;67;1
45;65;5
45;65;1
45;62;2
45;60;4
45;59;5
45;58;4
45;57;1
45;53;5
45;53;2
45;53;1
45;52;2
45;52;1
45;5;5
45;5;2
45;49;4
45;48;4
45;48;2
45;48;2
45;45;5
45;45;3
45;45;2
45;43;5
45;43;2
45;40;4
45;40;4
45;40;4
45;40;3
45;40;2
45;39;2
45;38;3
45;37;3
45;34;3
45;33;3
45;32;3
45;31;3
45;31;2
45;30;5
45;3;3
45;3;2
45;27;3
45;27;2
45;25;4
45;25;3
45;25;1
45;24;5
45;23;4
45;21;2
45;20;2
45;2;5
45;2;4
45;19;3
45;19;2
45;18;5
45;18;4
45;16;3
45;16;2
45;12;3
45;11;4
45;11;2
45;10;1
45;1;2
44;9;2
44;87;2
44;85;3
44;84;3
44;84;1
44;83;1
44;8;5
44;75;1
44;74;4
44;69;2
44;67;2
44;67;1
44;66;2
44;64;5
44;64;4
44;64;3
44;63;3
44;63;3
44;61;4
44;60;3
44;59;3
44;59;3
44;59;1
44;58;4
44;56;2
44;55;2
44;54;4
44;54;3
44;53;3
44;51;5
44;5;4
44;49;3
44;49;2
44;47;4
44;47;2
44;44;4
44;44;2
44;42;2
44;41;3
44;41;2
44;4;4
44;4;4
44;4;3
44;38;5
44;38;1
44;37;1
44;35;5
44;32;4
44;32;2
44;32;1
44;30;3
44;3;1
44;29;4
44;28;4
44;28;4
44;28;3
44;28;3
44;27;1
44;24;5
44;21;4
44;21;3
44;21;2
44;20;5
44;19;4
44;19;4
44;17;4
44;15;2
44;14;4
44;14;3
44;13;1
44;11;4
44;11;1
44;1;5
43;90;3
43;9;4
43;89;2
43;88;3
43;88;3
43;87;2
43;84;4
43;81;4
43;80;5
43;8;5
43;8;4
43;79;4
43;78;4
43;77;4
43;77;2
43;77;2
43;76;2
43;76;1
43;75;5
43;75;4
43;74;1
43;74;1
43;73;5
43;73;2
43;72;4
43;72;3
43;71;3
43;70;3
43;7;5
43;68;2
43;67;5
43;66;5
43;64;3
43;64;3
43;63;3
43;61;5
43;61;4
43;60;4
43;6;5
43;58;3
43;56;3
43;55;3
43;54;1
43;54;1
43;53;5
43;51;4
43;44;3
43;44;2
43;40;3
43;39;4
43;39;4
43;37;1
43;36;2
43;32;2
43;31;2
43;31;2
43;28;5
43;28;4
43;27;5
43;27;3
43;27;2
43;26;5
43;26;2
43;21;3
43;20;4
43;20;2
43;18;2
43;15;1
43;14;3
43;12;5
43;12;3
43;11;2
43;10;4
42;90;1
42;9;3
42;88;2
42;88;1
42;87;1
42;86;2
42;85;3
42;84;4
42;84;4
42;83;4
42;82;2
42;81;5
42;8;5
42;79;3
42;76;3
42;76;3
42;74;4
42;72;3
42;72;3
42;71;2
42;71;1
42;70;2
42;7;4
42;69;1
42;68;1
42;67;5
42;67;4
42;67;2
42;62;3
42;61;2
42;61;1
42;60;2
42;6;5
42;58;5
42;58;4
42;56;4
42;56;4
42;47;3
42;46;4
42;46;2
42;45;4
42;43;5
42;42;3
42;41;2
42;40;4
42;40;3
42;39;4
42;39;2
42;37;5
42;36;4
42;34;4
42;33;5
42;33;5
42;33;3
42;33;2
42;32;2
42;32;2
42;31;5
42;29;4
42;26;2
42;25;4
42;25;2
42;24;4
42;24;2
42;24;2
42;20;4
42;20;2
42;2;4
42;2;4
42;16;4
42;16;4
42;16;1
42;16;1
42;14;3
42;12;2
42;11;4
42;1;3
41;88;1
41;87;4
41;87;3
41;87;2
41;86;4
41;85;5
41;85;4
41;83;1
41;81;4
41;81;2
41;81;1
41;8;2
41;78;4
41;78;4
41;74;1
41;73;1
41;71;5
41;71;3
41;71;2
41;71;2
41;70;2
41;7;2
41;69;3
41;67;3
41;67;2
41;66;2
41;66;2
41;66;1
41;65;1
41;64;4
41;64;1
41;63;1
41;62;3
41;58;5
41;58;4
41;54;3
41;54;1
41;52;4
41;51;5
41;50;5
41;50;3
41;49;4
41;48;2
41;46;3
41;46;3
41;44;5
41;43;3
41;43;2
41;41;3
41;40;2
41;40;2
41;39;1
41;38;4
41;36;2
41;35;3
41;34;4
41;32;5
41;31;2
41;31;2
41;31;1
41;29;3
41;24;3
41;21;5
41;21;3
41;2;3
41;19;3
41;18;4
41;16;1
41;1;3
40;9;5
40;89;4
40;89;3
40;88;2
40;86;5
40;86;2
40;85;5
40;84;2
40;84;1
40;81;3
40;81;3
40;81;2
40;80;4
40;78;4
40;78;2
40;77;2
40;71;4
40;71;2
40;70;5
40;70;3
40;7;5
40;67;2
40;67;1
40;66;4
40;66;4
40;66;4
40;66;2
40;64;4
40;64;4
40;64;2
40;58;5
40;56;3
40;56;2
40;56;2
40;55;2
40;55;2
40;54;2
40;53;5
40;51;4
40;50;5
40;50;3
40;49;4
40;49;3
40;49;1
40;47;4
40;44;5
40;43;3
40;4;4
40;39;4
40;39;1
40;38;3
40;37;3
40;36;2
40;35;5
40;31;3
40;30;1
40;3;5
40;29;3
40;29;2
40;26;1
40;25;5
40;25;5
40;25;2
40;23;1
40;22;4
40;20;5
40;17;3
40;15;1
40;14;4
40;14;3
40;13;1
40;11;4
40;11;4
40;11;2
40;10;3
4;90;1
4;88;2
4;86;4
4;84;1
4;82;2
4;80;2
4;8;1
4;79;3
4;79;3
4;76;5
4;76;3
4;73;2
4;73;2
4;72;4
4;72;1
4;71;1
4;70;1
4;7;2
4;7;2
4;68;4
4;68;2
4;67;3
4;67;3
4;67;2
4;65;2
4;65;1
4;63;2
4;62;2
4;57;4
4;56;4
4;56;2
4;54;2
4;53;1
4;52;5
4;5;2
4;49;3
4;46;3
4;43;4
4;43;3
4;41;5
4;41;3
4;41;2
4;39;4
4;38;3
4;38;1
4;34;5
4;34;4
4;33;3
4;32;3
4;30;1
4;3;2
4;29;4
4;28;4
4;26;4
4;24;4
4;23;4
4;23;3
4;23;3
4;22;5
4;17;2
4;16;2
4;16;2
4;15;3
4;14;5
4;13;3
4;12;4
4;11;3
4;10;2
4;1;1
39;9;4
39;9;4
39;89;3
39;89;2
39;86;3
39;84;3
39;84;2
39;84;1
39;82;3
39;82;3
39;82;2
39;81;2
39;79;3
39;76;4
39;73;4
39;73;3
39;73;3
39;71;2
39;71;2
39;7;3
39;7;1
39;69;3
39;69;1
39;68;4
39;67;2
39;66;4
39;66;3
39;64;4
39;64;4
39;64;2
39;61;1
39;59;2
39;57;4
39;57;4
39;52;3
39;50;4
39;50;2
39;47;4
39;47;4
39;46;4
39;46;3
39;45;2
39;42;4
39;4;3
39;4;1
39;39;3
39;38;3
39;38;1
39;37;1
39;35;4
39;33;5
39;32;3
39;31;3
39;3;5
39;29;1
39;28;3
39;27;4
39;27;4
39;26;3
39;24;4
39;24;3
39;21;3
39;21;1
39;20;3
39;2;4
39;19;3
39;18;3
39;16;3
39;15;4
39;15;2
39;13;5
39;13;1
39;10;4
38;9;3
38;9;2
38;87;4
38;87;4
38;87;3
38;87;1
38;86;4
38;86;3
38;86;1
38;84;3
38;82;3
38;81;2
38;80;3
38;80;3
38;8;3
38;77;4
38;73;4
38;73;3
38;73;3
38;72;4
38;67;2
38;65;1
38;64;4
38;63;2
38;63;2
38;62;3
38;61;3
38;61;2
38;60;3
38;60;2
38;6;5
38;6;2
38;6;1
38;57;3
38;55;5
38;55;4
38;54;4
38;52;5
38;52;2
38;50;4
38;46;4
38;45;3
38;45;3
38;43;5
38;43;2
38;41;5
38;41;4
38;41;2
38;39;1
38;38;2
38;37;4
38;37;2
38;36;4
38;35;4
38;33;4
38;33;3
38;32;1
38;30;2
38;3;5
38;3;4
38;3;3
38;29;3
38;28;5
38;24;5
38;24;3
38;24;2
38;22;1
38;21;3
38;20;2
38;2;3
38;19;4
38;19;4
38;18;3
38;18;2
38;17;4
38;14;3
38;13;5
38;11;1
37;89;4
37;89;3
37;89;3
37;87;2
37;86;3
37;81;2
37;79;2
37;76;3
37;72;3
37;71;3
37;70;5
37;70;3
37;7;5
37;7;3
37;69;4
37;68;3
37;67;2
37;66;4
37;65;5
37;65;4
37;63;3
37;62;1
37;60;4
37;6;5
37;6;4
37;59;3
37;59;2
37;59;2
37;57;2
37;57;1
37;56;3
37;52;2
37;51;5
37;51;3
37;50;3
37;50;2
37;49;5
37;48;4
37;48;1
37;42;4
37;40;1
37;4;2
37;36;2
37;35;3
37;35;2
37;34;4
37;31;4
37;31;4
37;30;4
37;3;4
37;3;1
37;29;4
37;29;1
37;28;1
37;26;4
37;26;2
37;26;2
37;20;2
37;2;3
37;19;2
37;18;2
37;16;3
37;13;2
37;12;3
37;11;5
36;9;4
36;9;1
36;87;4
36;87;2
36;86;5
36;86;4
36;85;4
36;83;2
36;83;2
36;82;4
36;82;4
36;82;1
36;80;4
36;8;1
36;79;4
36;79;4
36;79;3
36;78;2
36;77;3
36;76;3
36;75;4
36;75;3
36;73;3
36;71;4
36;71;4
36;7;5
36;69;2
36;69;1
36;67;4
36;67;1
36;65;2
36;63;4
36;62;3
36;62;2
36;60;4
36;6;2
36;59;4
36;58;4
36;54;1
36;53;2
36;52;5
36;5;3
36;49;2
36;48;3
36;47;4
36;47;2
36;46;2
36;44;2
36;42;4
36;42;2
36;41;3
36;4;4
36;4;1
36;39;3
36;38;3
36;35;1
36;34;4
36;34;3
36;31;3
36;31;2
36;30;5
36;30;4
36;3;1
36;26;3
36;24;4
36;23;4
36;23;2
36;21;2
36;2;2
36;19;4
36;15;4
36;15;3
36;14;4
36;14;3
36;13;4
36;13;2
36;13;1
36;12;3
36;11;5
36;11;2
36;11;1
35;90;3
35;90;1
35;86;3
35;81;2
35;80;4
35;80;4
35;8;3
35;8;2
35;78;3
35;78;1
35;77;5
35;77;4
35;77;3
35;76;4
35;75;2
35;71;2
35;70;5
35;69;4
35;69;2
35;69;2
35;68;1
35;67;4
35;65;5
35;64;1
35;63;2
35;62;3
35;60;4
35;6;4
35;6;3
35;6;2
35;6;2
35;59;4
35;57;4
35;56;3
35;56;3
35;56;2
35;54;2
35;53;4
35;52;4
35;50;2
35;50;1
35;47;1
35;45;2
35;44;4
35;44;3
35;44;3
35;43;4
35;40;3
35;4;2
35;39;1
35;39;1
35;37;5
35;37;1
35;35;2
35;34;4
35;34;3
35;32;3
35;30;5
35;30;4
35;29;2
35;29;2
35;28;2
35;28;2
35;27;5
35;26;4
35;25;3
35;25;3
35;24;5
35;24;5
35;23;5
35;23;4
35;23;3
35;23;2
35;22;1
35;21;1
35;16;5
35;16;2
35;15;3
35;14;4
35;14;1
35;13;5
35;11;2
34;9;4
34;9;3
34;88;3
34;88;2
34;88;2
34;82;2
34;79;3
34;79;2
34;76;5
34;74;5
34;74;4
34;73;2
34;73;1
34;72;5
34;70;2
34;69;5
34;68;2
34;66;1
34;64;4
34;64;4
34;61;5
34;6;4
34;57;5
34;57;3
34;57;2
34;54;5
34;54;2
34;54;2
34;54;1
34;52;4
34;52;4
34;51;5
34;49;2
34;46;4
34;46;3
34;45;2
34;42;2
34;4;2
34;39;3
34;39;2
34;39;2
34;37;5
34;34;2
34;33;4
34;32;2
34;27;5
34;27;4
34;25;2
34;23;3
34;22;2
34;21;4
34;20;5
34;2;2
34;18;5
34;18;1
34;15;4
34;15;4
34;14;3
34;13;2
34;12;2
34;10;1
33;90;2
33;9;3
33;9;3
33;88;3
33;88;1
33;84;3
33;84;2
33;82;5
33;82;2
33;75;4
33;74;4
33;72;5
33;71;3
33;7;2
33;69;2
33;68;4
33;67;4
33;66;4
33;66;3
33;66;1
33;65;4
33;65;1
33;61;4
33;6;1
33;56;4
33;55;4
33;55;2
33;53;2
33;53;1
33;52;5
33;51;5
33;49;5
33;49;3
33;48;3
33;45;2
33;45;2
33;44;5
33;42;3
33;4;2
33;39;4
33;38;4
33;37;4
33;36;5
33;36;1
33;34;4
33;34;4
33;34;3
33;34;2
33;3;4
33;27;1
33;25;3
33;23;3
33;22;4
33;21;1
33;21;1
33;20;4
33;2;2
33;19;1
33;17;1
33;16;3
33;16;2
33;16;1
33;15;3
33;15;2
33;14;4
33;12;5
33;12;4
33;11;4
33;10;5
33;10;2
32;90;2
32;9;3
32;89;5
32;89;5
32;89;4
32;89;2
32;87;3
32;86;4
32;85;3
32;84;1
32;82;2
32;81;4
32;81;3
32;80;3
32;80;3
32;80;2
32;8;2
32;79;4
32;79;3
32;79;1
32;78;4
32;76;4
32;75;5
32;75;4
32;74;5
32;73;1
32;72;3
32;72;2
32;71;2
32;69;2
32;68;2
32;66;3
32;64;5
32;63;2
32;60;5
32;6;2
32;59;3
32;58;4
32;57;1
32;55;5
32;55;3
32;55;2
32;54;5
32;53;4
32;52;4
32;51;3
32;50;5
32;50;4
32;5;1
32;49;5
32;49;5
32;49;2
32;48;2
32;48;2
32;47;4
32;47;3
32;44;2
32;42;4
32;42;4
32;42;1
32;40;2
32;35;2
32;34;2
32;33;4
32;30;3
32;30;2
32;30;2
32;3;4
32;3;3
32;29;3
32;29;2
32;29;1
32;28;5
32;28;3
32;27;1
32;26;1
32;24;4
32;22;1
32;17;4
32;14;5
32;12;4
32;12;2
32;11;4
32;10;4
32;10;3
31;90;3
31;9;5
31;9;4
31;9;3
31;9;3
31;9;2
31;89;5
31;88;2
31;88;2
31;87;1
31;82;5
31;82;1
31;81;1
31;78;5
31;72;5
31;72;3
31;72;2
31;72;1
31;71;4
31;7;5
31;7;4
31;67;2
31;66;5
31;66;1
31;65;2
31;63;3
31;63;3
31;62;2
31;60;4
31;57;5
31;56;4
31;56;2
31;55;4
31;53;4
31;53;3
31;53;3
31;53;3
31;52;4
31;52;2
31;52;1
31;50;3
31;5;3
31;5;1
31;48;4
31;47;4
31;46;4
31;45;4
31;44;5
31;44;4
31;44;3
31;43;2
31;39;3
31;38;5
31;38;3
31;38;3
31;36;2
31;34;5
31;32;4
31;32;3
31;3;3
31;28;2
31;28;2
31;27;2
31;23;4
31;21;3
31;21;3
31;19;2
31;16;2
31;16;2
31;13;2
31;12;4
31;12;3
31;10;5
30;89;3
30;89;2
30;87;3
30;87;3
30;87;1
30;85;4
30;83;5
30;80;5
30;77;3
30;75;3
30;75;1
30;73;4
30;70;3
30;69;3
30;69;1
30;68;3
30;68;1
30;67;4
30;67;3
30;65;5
30;65;4
30;62;5
30;60;3
30;57;3
30;57;2
30;56;1
30;56;1
30;55;4
30;54;3
30;53;2
30;53;2
30;51;4
30;49;5
30;45;2
30;42;4
30;42;3
30;39;5
30;39;4
30;38;1
30;35;4
30;35;3
30;35;2
30;34;1
30;33;4
30;3;3
30;3;2
30;29;5
30;29;3
30;28;4
30;28;1
30;20;3
30;19;1
30;14;3
30;14;2
30;14;1
30;12;4
30;11;4
30;10;3
3;85;4
3;84;2
3;83;2
3;82;4
3;81;2
3;8;2
3;79;3
3;78;2
3;76;3
3;76;2
3;75;3
3;73;2
3;72;5
3;71;4
3;71;2
3;70;3
3;7;4
3;7;2
3;67;5
3;67;5
3;65;5
3;62;5
3;62;5
3;62;3
3;60;3
3;60;2
3;60;1
3;6;5
3;6;4
3;6;4
3;59;3
3;58;3
3;58;1
3;56;2
3;54;3
3;54;2
3;53;3
3;51;5
3;5;3
3;5;3
3;49;3
3;48;4
3;48;3
3;47;3
3;47;1
3;44;2
3;44;2
3;42;4
3;40;2
3;39;4
3;39;3
3;37;3
3;37;3
3;36;3
3;32;4
3;32;3
3;31;4
3;26;3
3;22;5
3;22;3
3;22;3
3;19;4
3;18;2
3;17;3
3;16;5
3;16;3
3;14;1
3;11;4
3;1;1
29;89;4
29;89;1
29;86;4
29;86;1
29;84;2
29;83;3
29;82;5
29;80;5
29;8;5
29;78;4
29;76;5
29;76;3
29;76;2
29;76;2
29;76;1
29;75;3
29;74;1
29;73;3
29;73;2
29;71;2
29;70;4
29;70;2
29;70;1
29;7;3
29;69;4
29;68;4
29;66;4
29;66;3
29;62;3
29;61;4
29;60;2
29;6;2
29;6;2
29;59;5
29;59;2
29;57;2
29;56;4
29;56;3
29;54;2
29;50;5
29;50;4
29;50;4
29;5;4
29;5;3
29;49;3
29;49;2
29;49;1
29;49;1
29;47;3
29;45;3
29;45;2
29;44;4
29;44;4
29;44;2
29;42;5
29;4;4
29;38;1
29;37;3
29;36;1
29;35;3
29;35;1
29;32;3
29;32;3
29;31;5
29;31;2
29;3;3
29;29;4
29;29;2
29;29;1
29;24;3
29;24;2
29;22;4
29;22;2
29;20;1
29;2;5
29;19;5
29;19;4
29;18;4
29;17;4
29;17;2
29;16;2
29;15;4
29;13;1
29;12;1
29;11;4
29;1;1
28;89;3
28;89;1
28;88;3
28;87;4
28;85;5
28;85;5
28;84;2
28;82;4
28;81;3
28;8;2
28;78;4
28;76;3
28;75;4
28;75;2
28;73;5
28;72;2
28;72;1
28;71;3
28;69;4
28;69;3
28;68;3
28;67;4
28;66;5
28;66;4
28;64;3
28;6;3
28;59;2
28;57;2
28;56;3
28;56;3
28;56;2
28;56;2
28;54;2
28;53;4
28;52;4
28;51;5
28;50;2
28;49;2
28;46;3
28;46;2
28;45;3
28;45;1
28;43;5
28;43;4
28;42;3
28;41;3
28;40;5
28;40;1
28;4;4
28;39;3
28;37;4
28;36;2
28;35;3
28;34;5
28;34;5
28;34;3
28;33;3
28;31;5
28;3;2
28;3;2
28;28;2
28;23;2
28;22;4
28;22;2
28;21;2
28;19;4
28;19;3
28;19;2
28;18;2
28;17;5
28;15;4
28;15;3
28;11;3
28;11;3
28;11;3
27;90;1
27;9;4
27;89;4
27;88;3
27;86;3
27;84;5
27;84;2
27;84;1
27;83;5
27;82;4
27;8;3
27;79;4
27;79;3
27;78;3
27;78;3
27;78;1
27;78;1
27;74;2
27;74;2
27;70;2
27;68;3
27;66;4
27;66;4
27;65;5
27;65;4
27;65;3
27;64;1
27;63;2
27;6;2
27;58;2
27;57;4
27;54;4
27;52;2
27;50;4
27;50;2
27;5;4
27;5;2
27;5;1
27;48;3
27;47;4
27;47;3
27;47;2
27;47;2
27;44;2
27;44;2
27;43;2
27;42;2
27;42;2
27;41;4
27;40;2
27;40;1
27;4;3
27;39;1
27;38;4
27;38;3
27;34;4
27;33;3
27;31;4
27;30;5
27;29;3
27;28;1
27;27;4
27;27;3
27;25;3
27;24;4
27;23;4
27;23;2
27;22;2
27;21;4
27;21;3
27;20;4
27;20;2
27;20;1
27;2;4
27;2;2
27;18;5
27;17;2
27;16;2
27;15;4
27;14;5
27;13;2
27;13;2
27;12;4
27;12;3
27;12;2
27;12;2
27;11;1
27;1;2
26;90;2
26;90;2
26;9;5
26;89;4
26;88;2
26;85;3
26;84;2
26;82;4
26;82;3
26;8;4
26;73;4
26;7;4
26;7;2
26;69;3
26;67;5
26;67;2
26;64;2
26;63;1
26;62;4
26;62;2
26;60;4
26;6;3
26;58;2
26;57;4
26;57;2
26;56;3
26;56;2
26;55;2
26;54;3
26;53;5
26;52;2
26;50;2
26;5;2
26;5;1
26;49;4
26;49;3
26;48;5
26;47;2
26;46;5
26;46;2
26;45;2
26;44;3
26;44;3
26;43;2
26;42;1
26;41;1
26;41;1
26;40;4
26;4;4
26;4;1
26;39;4
26;39;3
26;38;3
26;37;3
26;36;1
26;33;1
26;31;2
26;31;2
26;27;2
26;26;5
26;26;4
26;26;2
26;22;4
26;22;2
26;21;4
26;18;2
26;16;4
26;16;4
26;16;3
26;15;4
26;14;2
26;13;3
26;11;2
26;10;2
25;90;5
25;9;1
25;89;4
25;86;4
25;86;3
25;82;5
25;82;3
25;81;2
25;80;1
25;8;4
25;8;3
25;79;5
25;78;3
25;76;2
25;75;4
25;72;2
25;71;3
25;7;3
25;7;1
25;68;2
25;68;2
25;67;4
25;66;2
25;65;2
25;61;2
25;60;4
25;6;2
25;59;5
25;58;3
25;57;4
25;56;5
25;55;3
25;53;3
25;52;4
25;52;3
25;50;4
25;49;5
25;46;2
25;46;2
25;45;5
25;45;3
25;42;4
25;42;3
25;41;3
25;40;3
25;39;1
25;37;3
25;36;5
25;36;4
25;36;2
25;34;4
25;29;5
25;27;4
25;24;4
25;21;4
25;20;5
25;20;3
25;19;4
25;19;2
25;17;3
25;17;2
25;15;4
25;14;3
25;13;2
25;12;4
25;12;2
25;11;3
25;11;2
25;11;2
25;11;1
25;10;5
25;10;1
25;1;4
25;1;3
24;90;3
24;9;2
24;9;2
24;87;3
24;84;3
24;83;4
24;83;2
24;8;3
24;79;3
24;78;3
24;77;2
24;76;5
24;76;1
24;75;1
24;73;5
24;72;2
24;71;2
24;70;5
24;70;4
24;7;3
24;68;2
24;67;4
24;67;3
24;66;3
24;65;4
24;65;3
24;63;2
24;63;2
24;62;3
24;62;1
24;60;4
24;60;3
24;60;2
24;6;2
24;6;2
24;6;1
24;6;1
24;53;4
24;53;3
24;47;5
24;47;3
24;45;3
24;44;3
24;43;4
24;42;3
24;41;2
24;40;1
24;39;2
24;37;4
24;37;3
24;35;4
24;35;3
24;34;4
24;34;2
24;31;2
24;3;5
24;29;4
24;27;5
24;26;4
24;26;3
24;25;2
24;24;3
24;23;5
24;23;4
24;23;2
24;20;1
24;2;2
24;11;2
24;1;5
23;89;5
23;85;3
23;85;2
23;84;3
23;83;2
23;82;1
23;81;4
23;80;5
23;80;5
23;79;2
23;79;1
23;78;5
23;78;3
23;77;4
23;74;4
23;73;5
23;72;4
23;72;2
23;72;2
23;71;3
23;71;3
23;71;2
23;70;3
23;7;4
23;68;3
23;67;5
23;67;2
23;63;2
23;61;3
23;6;4
23;57;3
23;56;2
23;56;2
23;56;2
23;54;5
23;54;2
23;54;1
23;52;4
23;51;1
23;5;1
23;49;4
23;49;3
23;49;2
23;48;3
23;48;3
23;48;2
23;47;3
23;45;4
23;45;4
23;45;4
23;43;4
23;43;1
23;42;4
23;42;4
23;41;2
23;40;4
23;4;5
23;39;3
23;38;5
23;36;3
23;36;2
23;31;4
23;30;2
23;3;4
23;3;2
23;29;2
23;28;1
23;26;4
23;26;3
23;25;1
23;23;5
23;20;4
23;2;2
23;2;1
23;18;5
23;15;4
23;15;2
23;14;2
23;14;1
23;13;3
23;10;1
23;1;2
22;9;2
22;89;3
22;85;1
22;83;5
22;83;4
22;82;3
22;81;3
22;80;3
22;80;2
22;8;2
22;79;4
22;77;4
22;75;2
22;74;4
22;74;3
22;72;2
22;70;3
22;7;1
22;69;5
22;69;2
22;67;5
22;65;4
22;65;4
22;65;2
22;64;4
22;62;4
22;62;1
22;62;1
22;61;1
22;60;4
22;59;3
22;59;3
22;56;3
22;56;1
22;55;3
22;54;2
22;51;3
22;51;3
22;49;5
22;49;2
22;48;1
22;47;2
22;42;4
22;42;4
22;41;5
22;39;3
22;37;3
22;37;2
22;36;3
22;34;5
22;34;1
22;33;5
22;33;3
22;31;2
22;31;1
22;3;4
22;29;2
22;23;4
22;23;3
22;22;5
22;21;5
22;21;4
22;21;3
22;2;4
22;2;3
22;19;5
22;19;3
22;18;4
22;16;2
22;15;2
22;12;4
22;10;4
22;10;2
22;10;1
22;10;1
22;1;4
21;90;4
21;89;5
21;88;3
21;83;3
21;82;2
21;80;4
21;80;3
21;8;4
21;8;2
21;78;3
21;77;5
21;77;4
21;77;3
21;73;3
21;73;2
21;71;1
21;7;2
21;69;4
21;68;3
21;68;2
21;67;4
21;65;4
21;64;3
21;61;4
21;61;3
21;61;2
21;60;3
21;6;5
21;6;4
21;59;3
21;59;2
21;59;1
21;58;5
21;58;4
21;58;3
21;58;1
21;56;5
21;56;4
21;56;1
21;55;2
21;53;4
21;52;3
21;48;1
21;45;5
21;43;4
21;40;1
21;40;1
21;4;3
21;39;4
21;39;2
21;37;4
21;37;3
21;37;1
21;35;2
21;32;5
21;31;3
21;30;4
21;30;2
21;3;4
21;29;4
21;28;3
21;26;4
21;25;3
21;24;4
21;23;4
21;23;3
21;22;3
21;22;1
21;21;4
21;19;2
21;17;5
21;15;4
21;14;5
21;14;2
21;14;2
21;12;4
21;11;3
20;9;4
20;89;2
20;85;3
20;85;1
20;84;4
20;83;4
20;83;1
20;82;2
20;80;4
20;80;3
20;8;5
20;8;1
20;79;3
20;77;5
20;77;4
20;77;4
20;76;1
20;74;5
20;73;3
20;70;4
20;70;4
20;7;4
20;7;4
20;7;2
20;69;3
20;66;4
20;66;2
20;65;5
20;65;4
20;63;5
20;63;3
20;60;4
20;58;4
20;58;4
20;55;4
20;55;3
20;53;2
20;51;2
20;49;3
20;49;2
20;49;2
20;49;1
20;48;2
20;47;5
20;47;3
20;47;3
20;47;2
20;46;4
20;45;3
20;45;2
20;44;2
20;43;5
20;43;3
20;43;3
20;42;2
20;41;4
20;41;3
20;41;2
20;40;4
20;39;2
20;38;2
20;36;2
20;34;4
20;34;3
20;33;5
20;33;4
20;32;2
20;31;1
20;30;1
20;3;4
20;3;3
20;3;2
20;29;2
20;28;3
20;25;4
20;25;3
20;22;4
20;21;2
20;19;4
20;18;4
20;18;2
20;15;3
20;15;2
20;13;5
20;13;2
20;12;3
2;88;3
2;86;4
2;85;2
2;84;3
2;84;3
2;83;3
2;81;2
2;79;3
2;77;5
2;77;4
2;76;1
2;76;1
2;76;1
2;74;2
2;73;3
2;71;2
2;70;2
2;69;2
2;69;2
2;68;4
2;68;3
2;68;2
2;67;4
2;67;1
2;66;5
2;65;4
2;61;5
2;61;2
2;60;1
2;6;2
2;6;1
2;58;3
2;57;4
2;57;3
2;55;3
2;54;5
2;52;4
2;52;2
2;51;2
2;50;2
2;5;3
2;49;3
2;46;3
2;46;2
2;44;4
2;44;2
2;44;1
2;43;4
2;42;4
2;42;2
2;41;4
2;41;3
2;41;2
2;4;4
2;39;5
2;39;5
2;39;3
2;38;4
2;38;4
2;38;4
2;30;5
2;29;4
2;29;3
2;28;3
2;27;5
2;27;2
2;26;3
2;25;4
2;25;1
2;23;2
2;23;2
2;21;2
2;20;4
2;20;3
2;20;1
2;20;1
2;2;4
2;2;2
2;19;1
2;18;2
2;17;2
2;16;3
2;13;3
2;13;3
2;12;3
2;10;2
19;9;5
19;9;5
19;86;3
19;86;2
19;84;4
19;82;4
19;82;3
19;81;5
19;81;4
19;80;2
19;80;2
19;78;2
19;78;2
19;76;4
19;75;4
19;75;3
19;72;1
19;71;1
19;70;2
19;68;4
19;67;4
19;66;2
19;65;2
19;64;4
19;61;5
19;61;2
19;60;3
19;6;4
19;6;2
19;58;3
19;58;2
19;56;4
19;54;4
19;50;4
19;50;3
19;50;2
19;5;4
19;5;4
19;49;2
19;48;5
19;47;5
19;47;2
19;46;4
19;45;4
19;43;5
19;41;5
19;41;4
19;40;2
19;4;4
19;39;4
19;38;5
19;35;4
19;35;3
19;34;3
19;34;2
19;33;3
19;32;5
19;32;3
19;32;3
19;32;3
19;31;3
19;30;4
19;3;3
19;28;4
19;27;4
19;26;3
19;26;1
19;25;3
19;23;2
19;22;4
19;2;3
19;2;2
19;19;5
19;17;4
19;16;4
19;16;1
19;15;3
19;14;4
19;14;1
19;13;2
19;13;2
19;12;4
18;9;5
18;88;4
18;86;3
18;85;5
18;83;4
18;83;3
18;81;5
18;8;3
18;8;2
18;76;2
18;74;3
18;74;2
18;73;5
18;72;5
18;72;3
18;69;1
18;68;3
18;67;2
18;66;3
18;65;2
18;65;1
18;65;1
18;61;4
18;61;3
18;60;2
18;6;1
18;58;2
18;57;2
18;55;4
18;54;2
18;54;1
18;53;5
18;53;4
18;52;3
18;51;1
18;50;3
18;49;3
18;48;3
18;47;3
18;44;3
18;43;1
18;40;1
18;4;1
18;38;4
18;36;4
18;35;5
18;35;1
18;32;2
18;32;2
18;3;4
18;28;4
18;28;3
18;25;4
18;25;4
18;24;2
18;23;3
18;23;3
18;23;3
18;20;5
18;20;4
18;2;1
18;18;4
18;17;3
18;16;2
18;15;4
18;14;2
18;11;3
18;11;2
17;90;4
17;90;4
17;9;3
17;87;5
17;87;2
17;87;1
17;83;4
17;83;4
17;83;2
17;82;2
17;8;3
17;79;3
17;77;4
17;75;4
17;75;3
17;75;3
17;75;3
17;70;2
17;7;2
17;69;3
17;68;4
17;65;4
17;65;2
17;62;3
17;61;2
17;6;2
17;58;4
17;57;5
17;57;1
17;57;1
17;56;3
17;53;4
17;52;3
17;52;2
17;50;2
17;5;1
17;49;5
17;49;2
17;49;2
17;47;4
17;47;3
17;46;4
17;41;5
17;40;3
17;4;5
17;38;3
17;35;1
17;34;4
17;33;2
17;32;4
17;3;3
17;29;5
17;29;3
17;25;1
17;17;5
17;15;4
17;15;3
17;14;3
17;12;5
17;11;4
17;11;2
17;1;5
17;1;3
16;88;4
16;85;4
16;83;4
16;82;5
16;82;4
16;82;4
16;81;3
16;81;1
16;81;1
16;78;3
16;76;3
16;76;3
16;76;2
16;75;4
16;71;5
16;71;2
16;70;3
16;7;4
16;7;4
16;7;4
16;7;1
16;69;5
16;69;2
16;69;2
16;68;2
16;67;2
16;67;1
16;66;3
16;66;1
16;64;4
16;64;3
16;63;3
16;61;3
16;61;3
16;57;2
16;56;3
16;54;2
16;53;2
16;50;4
16;50;4
16;48;1
16;46;4
16;46;3
16;42;5
16;41;2
16;40;5
16;36;5
16;34;2
16;33;3
16;33;3
16;31;2
16;31;2
16;29;4
16;29;4
16;29;3
16;28;4
16;28;3
16;25;2
16;21;5
16;21;3
16;20;4
16;20;3
16;2;2
16;2;2
16;19;3
16;19;3
16;17;4
16;16;3
16;16;3
16;14;5
16;13;4
16;12;4
16;12;3
16;12;2
16;12;1
16;11;1
16;1;3
15;9;5
15;89;3
15;88;4
15;88;4
15;88;2
15;86;4
15;86;3
15;85;5
15;85;3
15;85;1
15;84;5
15;83;1
15;82;3
15;80;4
15;80;1
15;8;2
15;79;1
15;78;4
15;78;4
15;76;3
15;74;3
15;74;2
15;74;1
15;72;3
15;71;5
15;71;1
15;7;4
15;68;5
15;68;4
15;68;3
15;68;2
15;65;3
15;65;3
15;65;1
15;63;2
15;60;2
15;6;2
15;59;2
15;59;2
15;51;3
15;51;2
15;51;2
15;49;3
15;49;2
15;48;4
15;48;3
15;47;1
15;46;4
15;46;3
15;46;2
15;45;4
15;45;1
15;43;5
15;42;5
15;42;4
15;41;3
15;4;5
15;39;2
15;36;4
15;36;3
15;35;3
15;33;4
15;33;3
15;30;2
15;29;4
15;28;3
15;24;3
15;23;3
15;23;1
15;22;5
15;22;3
15;22;2
15;21;3
15;20;3
15;20;2
15;19;4
15;19;2
15;18;1
15;17;4
15;16;4
15;16;3
15;15;1
15;12;4
15;10;4
14;90;4
14;9;4
14;9;4
14;9;2
14;87;4
14;87;2
14;87;2
14;85;3
14;84;2
14;82;3
14;80;4
14;8;2
14;79;2
14;78;2
14;76;4
14;75;5
14;74;2
14;74;1
14;72;5
14;72;4
14;71;3
14;7;4
14;68;5
14;67;4
14;64;2
14;63;1
14;62;4
14;62;1
14;61;4
14;61;3
14;60;3
14;59;1
14;58;4
14;58;2
14;57;4
14;56;5
14;55;4
14;55;3
14;54;3
14;52;3
14;51;4
14;51;2
14;50;2
14;5;5
14;5;4
14;5;3
14;49;5
14;47;1
14;46;2
14;42;4
14;38;4
14;38;2
14;37;3
14;36;5
14;35;5
14;35;3
14;35;2
14;34;3
14;33;4
14;32;5
14;32;3
14;31;4
14;30;4
14;30;3
14;30;2
14;30;2
14;30;1
14;29;4
14;27;4
14;26;2
14;25;4
14;23;3
14;22;5
14;21;4
14;21;4
14;20;2
14;20;2
14;2;2
14;17;3
14;14;4
14;10;3
14;10;2
13;90;4
13;88;4
13;87;3
13;87;1
13;86;3
13;86;1
13;83;4
13;82;3
13;82;3
13;8;4
13;8;3
13;76;3
13;74;4
13;72;4
13;72;1
13;69;3
13;68;4
13;67;4
13;65;2
13;63;3
13;60;2
13;58;2
13;57;4
13;55;3
13;54;3
13;53;3
13;53;2
13;52;4
13;52;3
13;51;4
13;5;4
13;5;1
13;48;3
13;45;3
13;45;2
13;44;2
13;43;3
13;43;2
13;40;5
13;40;3
13;4;3
13;39;4
13;37;5
13;37;3
13;37;2
13;34;2
13;32;3
13;31;1
13;30;3
13;3;3
13;3;3
13;3;3
13;29;5
13;28;2
13;27;2
13;23;4
13;21;2
13;2;4
13;18;1
13;17;3
13;16;4
13;15;5
13;11;2
13;1;2
12;89;2
12;86;2
12;85;3
12;84;1
12;80;4
12;80;4
12;8;1
12;79;4
12;79;1
12;78;3
12;78;1
12;77;1
12;75;5
12;72;3
12;70;4
12;7;3
12;67;2
12;66;4
12;64;4
12;62;1
12;60;2
12;59;5
12;58;4
12;58;3
12;56;3
12;54;2
12;53;4
12;52;4
12;51;1
12;50;2
12;5;5
12;49;3
12;46;4
12;44;2
12;43;3
12;43;1
12;42;3
12;41;4
12;40;4
12;40;3
12;4;3
12;39;2
12;36;4
12;30;2
12;29;4
12;29;2
12;28;5
12;26;4
12;26;3
12;26;3
12;25;4
12;24;2
12;24;1
12;23;2
12;22;2
12;22;2
12;21;3
12;2;5
12;2;4
12;18;4
12;18;3
12;14;5
12;14;3
12;11;2
12;11;1
12;10;3
11;90;1
11;9;2
11;89;4
11;88;4
11;86;5
11;86;5
11;85;2
11;83;4
11;81;2
11;81;2
11;80;3
11;79;4
11;75;5
11;75;4
11;75;2
11;74;4
11;72;5
11;7;2
11;66;5
11;66;4
11;66;2
11;66;1
11;63;3
11;63;2
11;62;2
11;61;2
11;57;4
11;55;4
11;54;4
11;54;3
11;53;5
11;52;3
11;51;5
11;5;5
11;49;2
11;48;1
11;47;5
11;46;4
11;46;2
11;46;2
11;45;2
11;44;3
11;44;2
11;44;1
11;43;4
11;41;4
11;40;4
11;4;4
11;38;4
11;37;4
11;36;3
11;34;4
11;34;3
11;34;3
11;33;5
11;33;3
11;32;3
11;31;5
11;30;5
11;30;2
11;30;2
11;29;4
11;28;4
11;28;1
11;27;3
11;24;4
11;24;2
11;23;5
11;23;3
11;23;3
11;20;4
11;2;1
11;19;5
11;16;4
11;16;3
11;16;2
11;16;1
11;14;4
11;14;4
11;13;2
11;13;1
11;10;1
11;10;1
11;1;2
100;87;3
100;85;3
100;81;4
100;8;3
100;75;3
100;74;4
100;72;3
100;7;5
100;68;5
100;67;3
100;61;5
100;60;4
100;59;1
100;55;5
100;55;2
100;53;4
100;5;2
100;48;3
100;34;3
100;26;4
100;22;4
100;20;2
100;19;3
100;15;5
100;14;5
100;13;5
100;13;4
100;11;2
10;90;5
10;9;4
10;89;1
10;88;5
10;87;2
10;86;5
10;83;2
10;82;5
10;81;3
10;80;3
10;8;4
10;78;1
10;77;2
10;77;2
10;76;4
10;75;4
10;74;1
10;72;3
10;70;3
10;70;3
10;7;2
10;68;3
10;66;3
10;61;2
10;59;4
10;59;1
10;57;2
10;57;2
10;55;3
10;52;1
10;51;4
10;50;5
10;50;4
10;50;1
10;49;4
10;48;3
10;46;3
10;46;2
10;43;3
10;42;2
10;42;1
10;40;3
10;39;4
10;39;3
10;36;2
10;35;5
10;31;4
10;31;3
10;30;4
10;30;3
10;30;2
10;29;2
10;28;2
10;27;5
10;26;4
10;26;3
10;26;2
10;22;5
10;22;3
10;22;2
10;21;3
10;20;3
10;20;2
10;18;2
10;18;2
10;16;5
10;16;3
10;13;5
10;13;2
10;13;1
1;85;4
1;85;4
1;85;4
1;85;4
1;80;2
1;77;5
1;74;1
1;72;3
1;65;1
1;63;4
1;59;3
1;57;1
1;55;2
1;54;5
1;54;3
1;53;2
1;52;3
1;48;4
1;45;2
1;42;3
1;41;3
1;41;2
1;38;5
1;37;1
1;31;1
1;30;2
1;25;3
1;24;4
1;23;4
1;20;4
1;20;3
1;17;4
1;16;3
123;90;5
123;9;4
123;87;3
123;86;4
123;85;1
123;83;5
123;82;4
123;81;4
123;81;3
123;81;2
